Workbook

Sheet KHACH HANG
A1: KẾ HOẠCH PHÂN BỔ DOANH SỐ 2017 TỈNH……..
A3: =S4 -> #REF! | G3: DOANH SỐ THỰC HIỆN THEO TỪNG THÁNG
A4: DS THEO TỪNG THÁNG | G4: =#REF! -> #REF! | H4: =#REF! -> #REF! | I4: =#REF! -> #REF! | J4: =#REF! -> #REF! | K4: =#REF! -> #REF! | L4: =#REF! -> #REF! | M4: =#REF! -> #REF! | N4: =#REF! -> #REF! | ... R4: =#REF! -> #REF! | S4: =SUM(G4:R4) -> #REF!
A5: NHÂN VIÊN | B5: TÊN KH | C5: TT | D5: PHÂN LOẠI SP | E5: SẢN PHẨM | F5: total | G5: 1 | H5: 2 | I5: 3 | J5: 4 | K5: 5 | L5: 6 | M5: 7 | N5: 8 | O5: 9 | P5: 10 | Q5: 11 | R5: 12 | S5: Grand Total | T5: TOTAL | W5: PHÂN LOẠI SP | X5: SẢN PHẨM | Y5: SẢN PHẨM | Z5: SẢN PHẨM | AA5: SẢN PHẨM | AB5: SẢN PHẨM | AC5: SẢN PHẨM | AD5: SẢN PHẨM
A6: VÕ ĐÔNG CUNG | B6: GIÁO CÔNG | C6: 1 | D6: =VLOOKUP(C6,DMSP!$A$1:$C$39,2,0) -> 1.TOBA XANH | E6: =VLOOKUP(C6,DMSP!$A$1:$C$39,3,0) -> TOBA XANH | F6: =S6 -> 0 | S6: =SUM(G6:R6) -> 0 | T6: =S43 -> 414 | V6: 1 | W6: =D6 -> 1.TOBA XANH | X6: =E6 -> TOBA XANH | Y6: =X6 -> TOBA XANH | Z6: =X7 -> HC BOOSTER | AA6: =X8 -> HC KING-ROOT | AB6: =X9 -> HAPPY FARM | AC6: =X10 -> WOW | AD6: =X11 -> KELPIT
C7: =C6+1 -> 2 | D7: =VLOOKUP(C7,DMSP!$A$1:$C$39,2,0) -> 2.HC | E7: =VLOOKUP(C7,DMSP!$A$1:$C$39,3,0) -> HC BOOSTER | F7: =S7 -> 11 | G7: 11 | S7: =SUM(G7:R7) -> 11 | V7: =V6+1 -> 2 | W7: =D7 -> 2.HC | X7: =E7 -> HC BOOSTER | Y7: SẢN PHẨM | Z7: SẢN PHẨM | AA7: SẢN PHẨM | AB7: SẢN PHẨM | AC7: SẢN PHẨM | AD7: SẢN PHẨM
C8: =C7+1 -> 3 | D8: =VLOOKUP(C8,DMSP!$A$1:$C$39,2,0) -> 2.HC | E8: =VLOOKUP(C8,DMSP!$A$1:$C$39,3,0) -> HC KING-ROOT | F8: =S8 -> 0 | S8: =SUM(G8:R8) -> 0 | V8: =V7+1 -> 3 | W8: =D8 -> 2.HC | X8: =E8 -> HC KING-ROOT | Y8: =X12 -> SI-K | Z8: =X13 -> SPRAY PHOS 620 | AA8: =X14 -> CHITOSAN | AB8: =X15 -> ĐẠM CÁ | AC8: =X16 -> ĐẠM TÔM | AD8: =X17 -> SUPERMIC
C9: =C8+1 -> 4 | D9: =VLOOKUP(C9,DMSP!$A$1:$C$39,2,0) -> 2.HC | E9: =VLOOKUP(C9,DMSP!$A$1:$C$39,3,0) -> HAPPY FARM | F9: =S9 -> 35 | G9: 35 | S9: =SUM(G9:R9) -> 35 | V9: =V8+1 -> 4 | W9: =D9 -> 2.HC | X9: =E9 -> HAPPY FARM | Y9: SẢN PHẨM | Z9: SẢN PHẨM | AA9: SẢN PHẨM | AB9: SẢN PHẨM | AC9: SẢN PHẨM | AD9: SẢN PHẨM
C10: =C9+1 -> 5 | D10: =VLOOKUP(C10,DMSP!$A$1:$C$39,2,0) -> 2.HC | E10: =VLOOKUP(C10,DMSP!$A$1:$C$39,3,0) -> WOW | F10: =S10 -> 0 | S10: =SUM(G10:R10) -> 0 | V10: =V9+1 -> 5 | W10: =D10 -> 2.HC | X10: =E10 -> WOW | Y10: =X18 -> CABO | Z10: =X19 -> F94 | AA10: =X20 -> F95 | AB10: =X21 -> THIOURE | AC10: =X22 -> TOBA JUM | AD10: =X23 -> TOBA NET
C11: =C10+1 -> 6 | D11: =VLOOKUP(C11,DMSP!$A$1:$C$39,2,0) -> 3.SPRAY | E11: =VLOOKUP(C11,DMSP!$A$1:$C$39,3,0) -> KELPIT | F11: =S11 -> 0 | S11: =SUM(G11:R11) -> 0 | V11: =V10+1 -> 6 | W11: =D11 -> 3.SPRAY | X11: =E11 -> KELPIT | Y11: SẢN PHẨM | Z11: SẢN PHẨM | AA11: SẢN PHẨM | AB11: SẢN PHẨM | AC11: SẢN PHẨM | AD11: SẢN PHẨM
C12: =C11+1 -> 7 | D12: =VLOOKUP(C12,DMSP!$A$1:$C$39,2,0) -> 3.SPRAY | E12: =VLOOKUP(C12,DMSP!$A$1:$C$39,3,0) -> SI-K | F12: =S12 -> 74 | K12: 25 | L12: 49 | S12: =SUM(G12:R12) -> 74 | V12: =V11+1 -> 7 | W12: =D12 -> 3.SPRAY | X12: =E12 -> SI-K | Y12: =X24 -> ABAFAX 1.8 | Z12: =X25 -> ABAFAX 3.6 | AA12: =X26 -> AZET | AB12: =X27 -> BACBA | AC12: =X28 -> BIOROSAMIL | AD12: =X29 -> COC 86
C13: =C12+1 -> 8 | D13: =VLOOKUP(C13,DMSP!$A$1:$C$39,2,0) -> 3.SPRAY | E13: =VLOOKUP(C13,DMSP!$A$1:$C$39,3,0) -> SPRAY PHOS 620 | F13: =S13 -> 23 | G13: 23 | S13: =SUM(G13:R13) -> 23 | V13: =V12+1 -> 8 | W13: =D13 -> 3.SPRAY | X13: =E13 -> SPRAY PHOS 620 | Y13: SẢN PHẨM | Z13: SẢN PHẨM | AA13: SẢN PHẨM | AB13: SẢN PHẨM | AC13: SẢN PHẨM | AD13: SẢN PHẨM
C14: =C13+1 -> 9 | D14: =VLOOKUP(C14,DMSP!$A$1:$C$39,2,0) -> 4.DƯỠNG RỄ | E14: =VLOOKUP(C14,DMSP!$A$1:$C$39,3,0) -> CHITOSAN | F14: =S14 -> 0 | S14: =SUM(G14:R14) -> 0 | V14: =V13+1 -> 9 | W14: =D14 -> 4.DƯỠNG RỄ | X14: =E14 -> CHITOSAN | Y14: =X30 -> HEXA 5 | Z14: =X31 -> TAMALA | AA14: =X32 -> KẼM VÀNG | AB14: =X33 -> KHÁC1 | AC14: =X34 -> REACH | AD14: =X35 -> RỬA RONG RÊU
C15: =C14+1 -> 10 | D15: =VLOOKUP(C15,DMSP!$A$1:$C$39,2,0) -> 4.DƯỠNG RỄ | E15: =VLOOKUP(C15,DMSP!$A$1:$C$39,3,0) -> ĐẠM CÁ | F15: =S15 -> 0 | S15: =SUM(G15:R15) -> 0 | V15: =V14+1 -> 10 | W15: =D15 -> 4.DƯỠNG RỄ | X15: =E15 -> ĐẠM CÁ | Y15: SẢN PHẨM | Z15: SẢN PHẨM | AA15: SẢN PHẨM | AB15: SẢN PHẨM | AC15: SẢN PHẨM | AD15: SẢN PHẨM
C16: =C15+1 -> 11 | D16: =VLOOKUP(C16,DMSP!$A$1:$C$39,2,0) -> 4.DƯỠNG RỄ | E16: =VLOOKUP(C16,DMSP!$A$1:$C$39,3,0) -> ĐẠM TÔM | F16: =S16 -> 0 | S16: =SUM(G16:R16) -> 0 | V16: =V15+1 -> 11 | W16: =D16 -> 4.DƯỠNG RỄ | X16: =E16 -> ĐẠM TÔM | Y16: =X36 -> TB BO | Z16: =X37 -> TB FRUIT | AA16: =X38 -> TB PHOS | AB16: =X39 -> TOBA BÁM DÍNH | AC16: =X40 -> VỌT HOA NHÃN | AD16: =X41 -> VỌT HOA XOÀI
C17: =C16+1 -> 12 | D17: =VLOOKUP(C17,DMSP!$A$1:$C$39,2,0) -> 4.DƯỠNG RỄ | E17: =VLOOKUP(C17,DMSP!$A$1:$C$39,3,0) -> SUPERMIC | F17: =S17 -> 88 | G17: 9 | J17: 35 | L17: 18 | Q17: 26 | S17: =SUM(G17:R17) -> 88 | V17: =V16+1 -> 12 | W17: =D17 -> 4.DƯỠNG RỄ | X17: =E17 -> SUPERMIC | Y17: SẢN PHẨM | Z17: SẢN PHẨM | AA17: SẢN PHẨM | AB17: SẢN PHẨM | AC17: SẢN PHẨM | AD17: SẢN PHẨM
C18: =C17+1 -> 13 | D18: =VLOOKUP(C18,DMSP!$A$1:$C$39,2,0) -> 5.TRUYỀN THỐNG | E18: =VLOOKUP(C18,DMSP!$A$1:$C$39,3,0) -> CABO | F18: =S18 -> 0 | S18: =SUM(G18:R18) -> 0 | V18: =V17+1 -> 13 | W18: =D18 -> 5.TRUYỀN THỐNG | X18: =E18 -> CABO | Y18: =X42 -> VỌT HOA XOÀI
C19: =C18+1 -> 14 | D19: =VLOOKUP(C19,DMSP!$A$1:$C$39,2,0) -> 5.TRUYỀN THỐNG | E19: =VLOOKUP(C19,DMSP!$A$1:$C$39,3,0) -> F94 | F19: =S19 -> 0 | S19: =SUM(G19:R19) -> 0 | V19: =V18+1 -> 14 | W19: =D19 -> 5.TRUYỀN THỐNG | X19: =E19 -> F94 | Y19: SẢN PHẨM | Z19: SẢN PHẨM | AA19: SẢN PHẨM | AB19: SẢN PHẨM | AC19: SẢN PHẨM | AD19: SẢN PHẨM
C20: =C19+1 -> 15 | D20: =VLOOKUP(C20,DMSP!$A$1:$C$39,2,0) -> 5.TRUYỀN THỐNG | E20: =VLOOKUP(C20,DMSP!$A$1:$C$39,3,0) -> F95 | F20: =S20 -> 0 | S20: =SUM(G20:R20) -> 0 | V20: =V19+1 -> 15 | W20: =D20 -> 5.TRUYỀN THỐNG | X20: =E20 -> F95
C21: =C20+1 -> 16 | D21: =VLOOKUP(C21,DMSP!$A$1:$C$39,2,0) -> 5.TRUYỀN THỐNG | E21: =VLOOKUP(C21,DMSP!$A$1:$C$39,3,0) -> THIOURE | F21: =S21 -> 0 | S21: =SUM(G21:R21) -> 0 | V21: =V20+1 -> 16 | W21: =D21 -> 5.TRUYỀN THỐNG | X21: =E21 -> THIOURE | Y21: SẢN PHẨM | Z21: SẢN PHẨM | AA21: SẢN PHẨM | AB21: SẢN PHẨM | AC21: SẢN PHẨM | AD21: SẢN PHẨM
C22: =C21+1 -> 17 | D22: =VLOOKUP(C22,DMSP!$A$1:$C$39,2,0) -> 5.TRUYỀN THỐNG | E22: =VLOOKUP(C22,DMSP!$A$1:$C$39,3,0) -> TOBA JUM | F22: =S22 -> 0 | S22: =SUM(G22:R22) -> 0 | V22: =V21+1 -> 17 | W22: =D22 -> 5.TRUYỀN THỐNG | X22: =E22 -> TOBA JUM
C23: =C22+1 -> 18 | D23: =VLOOKUP(C23,DMSP!$A$1:$C$39,2,0) -> 5.TRUYỀN THỐNG | E23: =VLOOKUP(C23,DMSP!$A$1:$C$39,3,0) -> TOBA NET | F23: =S23 -> 0 | S23: =SUM(G23:R23) -> 0 | V23: =V22+1 -> 18 | W23: =D23 -> 5.TRUYỀN THỐNG | X23: =E23 -> TOBA NET | Z23: =DSUM($E$5:$T$2133,"1",$Y$9:$Y$10) -> 90
C24: =C23+1 -> 19 | D24: =VLOOKUP(C24,DMSP!$A$1:$C$39,2,0) -> 6.BVTV | E24: =VLOOKUP(C24,DMSP!$A$1:$C$39,3,0) -> ABAFAX 1.8 | F24: =S24 -> 0 | S24: =SUM(G24:R24) -> 0 | V24: =V23+1 -> 19 | W24: =D24 -> 6.BVTV | X24: =E24 -> ABAFAX 1.8
C25: =C24+1 -> 20 | D25: =VLOOKUP(C25,DMSP!$A$1:$C$39,2,0) -> 6.BVTV | E25: =VLOOKUP(C25,DMSP!$A$1:$C$39,3,0) -> ABAFAX 3.6 | F25: =S25 -> 0 | S25: =SUM(G25:R25) -> 0 | V25: =V24+1 -> 20 | W25: =D25 -> 6.BVTV | X25: =E25 -> ABAFAX 3.6
C26: =C25+1 -> 21 | D26: =VLOOKUP(C26,DMSP!$A$1:$C$39,2,0) -> 6.BVTV | E26: =VLOOKUP(C26,DMSP!$A$1:$C$39,3,0) -> AZET | F26: =S26 -> 0 | S26: =SUM(G26:R26) -> 0 | V26: =V25+1 -> 21 | W26: =D26 -> 6.BVTV | X26: =E26 -> AZET
C27: =C26+1 -> 22 | D27: =VLOOKUP(C27,DMSP!$A$1:$C$39,2,0) -> 6.BVTV | E27: =VLOOKUP(C27,DMSP!$A$1:$C$39,3,0) -> BACBA | F27: =S27 -> 0 | S27: =SUM(G27:R27) -> 0 | V27: =V26+1 -> 22 | W27: =D27 -> 6.BVTV | X27: =E27 -> BACBA
C28: =C27+1 -> 23 | D28: =VLOOKUP(C28,DMSP!$A$1:$C$39,2,0) -> 6.BVTV | E28: =VLOOKUP(C28,DMSP!$A$1:$C$39,3,0) -> BIOROSAMIL | F28: =S28 -> 10 | G28: 10 | S28: =SUM(G28:R28) -> 10 | V28: =V27+1 -> 23 | W28: =D28 -> 6.BVTV | X28: =E28 -> BIOROSAMIL
C29: =C28+1 -> 24 | D29: =VLOOKUP(C29,DMSP!$A$1:$C$39,2,0) -> 6.BVTV | E29: =VLOOKUP(C29,DMSP!$A$1:$C$39,3,0) -> COC 86 | F29: =S29 -> 0 | S29: =SUM(G29:R29) -> 0 | V29: =V28+1 -> 24 | W29: =D29 -> 6.BVTV | X29: =E29 -> COC 86
C30: =C29+1 -> 25 | D30: =VLOOKUP(C30,DMSP!$A$1:$C$39,2,0) -> 6.BVTV | E30: =VLOOKUP(C30,DMSP!$A$1:$C$39,3,0) -> HEXA 5 | F30: =S30 -> 75 | G30: 15 | H30: 15 | J30: 30 | L30: 15 | S30: =SUM(G30:R30) -> 75 | V30: =V29+1 -> 25 | W30: =D30 -> 6.BVTV | X30: =E30 -> HEXA 5
C31: =C30+1 -> 26 | D31: =VLOOKUP(C31,DMSP!$A$1:$C$39,2,0) -> 6.BVTV | E31: =VLOOKUP(C31,DMSP!$A$1:$C$39,3,0) -> TAMALA | F31: =S31 -> 0 | S31: =SUM(G31:R31) -> 0 | V31: =V30+1 -> 26 | W31: =D31 -> 6.BVTV | X31: =E31 -> TAMALA
C32: =C31+1 -> 27 | D32: =VLOOKUP(C32,DMSP!$A$1:$C$39,2,0) -> 7.KHÁC | E32: =VLOOKUP(C32,DMSP!$A$1:$C$39,3,0) -> KẼM VÀNG | F32: =S32 -> 0 | S32: =SUM(G32:R32) -> 0 | V32: =V31+1 -> 27 | W32: =D32 -> 7.KHÁC | X32: =E32 -> KẼM VÀNG
C33: =C32+1 -> 28 | D33: =VLOOKUP(C33,DMSP!$A$1:$C$39,2,0) -> 7.KHÁC | E33: =VLOOKUP(C33,DMSP!$A$1:$C$39,3,0) -> KHÁC1 | F33: =S33 -> 56 | G33: 5 | I33: 13 | J33: 14 | Q33: 24 | S33: =SUM(G33:R33) -> 56 | V33: =V32+1 -> 28 | W33: =D33 -> 7.KHÁC | X33: =E33 -> KHÁC1
C34: =C33+1 -> 29 | D34: =VLOOKUP(C34,DMSP!$A$1:$C$39,2,0) -> 7.KHÁC | E34: REACH | F34: =S34 -> 38 | G34: 19 | H34: 19 | S34: =SUM(G34:R34) -> 38 | V34: =V33+1 -> 29 | W34: =D34 -> 7.KHÁC | X34: =E34 -> REACH
C35: =C34+1 -> 30 | D35: =VLOOKUP(C35,DMSP!$A$1:$C$39,2,0) -> 7.KHÁC | E35: =VLOOKUP(C35,DMSP!$A$1:$C$39,3,0) -> RỬA RONG RÊU | F35: =S35 -> 0 | S35: =SUM(G35:R35) -> 0 | V35: =V34+1 -> 30 | W35: =D35 -> 7.KHÁC | X35: =E35 -> RỬA RONG RÊU
C36: =C35+1 -> 31 | D36: =VLOOKUP(C36,DMSP!$A$1:$C$39,2,0) -> 7.KHÁC | E36: =VLOOKUP(C36,DMSP!$A$1:$C$39,3,0) -> TB BO | F36: =S36 -> 0 | S36: =SUM(G36:R36) -> 0 | V36: =V35+1 -> 31 | W36: =D36 -> 7.KHÁC | X36: =E36 -> TB BO
C37: =C36+1 -> 32 | D37: =VLOOKUP(C37,DMSP!$A$1:$C$39,2,0) -> 7.KHÁC | E37: =VLOOKUP(C37,DMSP!$A$1:$C$39,3,0) -> TB FRUIT | F37: =S37 -> 0 | S37: =SUM(G37:R37) -> 0 | V37: =V36+1 -> 32 | W37: =D37 -> 7.KHÁC | X37: =E37 -> TB FRUIT
C38: =C37+1 -> 33 | D38: =VLOOKUP(C38,DMSP!$A$1:$C$39,2,0) -> 7.KHÁC | E38: =VLOOKUP(C38,DMSP!$A$1:$C$39,3,0) -> TB PHOS | F38: =S38 -> 0 | S38: =SUM(G38:R38) -> 0 | V38: =V37+1 -> 33 | W38: =D38 -> 7.KHÁC | X38: =E38 -> TB PHOS
C39: =C38+1 -> 34 | D39: =VLOOKUP(C39,DMSP!$A$1:$C$39,2,0) -> 7.KHÁC | E39: =VLOOKUP(C39,DMSP!$A$1:$C$39,3,0) -> TOBA BÁM DÍNH | F39: =S39 -> 4 | H39: 4 | S39: =SUM(G39:R39) -> 4 | V39: =V38+1 -> 34 | W39: =D39 -> 7.KHÁC | X39: =E39 -> TOBA BÁM DÍNH
C40: =C39+1 -> 35 | D40: =VLOOKUP(C40,DMSP!$A$1:$C$39,2,0) -> 7.KHÁC | E40: =VLOOKUP(C40,DMSP!$A$1:$C$39,3,0) -> VỌT HOA NHÃN | F40: =S40 -> 0 | S40: =SUM(G40:R40) -> 0 | V40: =V39+1 -> 35 | W40: =D40 -> 7.KHÁC | X40: =E40 -> VỌT HOA NHÃN
C41: =C40+1 -> 36 | D41: =VLOOKUP(C41,DMSP!$A$1:$C$39,2,0) -> 7.KHÁC | E41: =VLOOKUP(C41,DMSP!$A$1:$C$39,3,0) -> VỌT HOA XOÀI | F41: =S41 -> 0 | S41: =SUM(G41:R41) -> 0 | V41: =V40+1 -> 36 | W41: =D41 -> 7.KHÁC | X41: =E41 -> VỌT HOA XOÀI
C42: =C41+1 -> 37 | D42: =VLOOKUP(C42,DMSP!$A$1:$C$39,2,0) -> 7.KHÁC | E42: =VLOOKUP(C42,DMSP!$A$1:$C$39,3,0) -> VỌT HOA XOÀI | F42: =S42 -> 0 | S42: =SUM(G42:R42) -> 0 | V42: =V41+1 -> 37 | W42: =D42 -> 7.KHÁC | X42: =E42 -> VỌT HOA XOÀI
C43: =B6 -> GIÁO CÔNG | E43: ="TOTAL "&B6 -> TOTAL GIÁO CÔNG | F43: =S43 -> 414 | G43: =SUM(G6:G42) -> 127 | H43: =SUM(H6:H42) -> 38 | I43: =SUM(I6:I42) -> 13 | J43: =SUM(J6:J42) -> 79 | K43: =SUM(K6:K42) -> 25 | L43: =SUM(L6:L42) -> 82 | M43: =SUM(M6:M42) -> 0 | N43: =SUM(N6:N42) -> 0 | ... R43: =SUM(R6:R42) -> 0 | S43: =SUM(G43:R43) -> 414
B44: TRUNG DŨNG | C44: 1 | D44: =VLOOKUP(C44,DMSP!$A$1:$C$39,2,0) -> 1.TOBA XANH | E44: =VLOOKUP(C44,DMSP!$A$1:$C$39,3,0) -> TOBA XANH | F44: =S44 -> 0 | S44: =SUM(G44:R44) -> 0 | T44: =S81 -> 190
C45: =C44+1 -> 2 | D45: =VLOOKUP(C45,DMSP!$A$1:$C$39,2,0) -> 2.HC | E45: =VLOOKUP(C45,DMSP!$A$1:$C$39,3,0) -> HC BOOSTER | F45: =S45 -> 0 | S45: =SUM(G45:R45) -> 0
C46: =C45+1 -> 3 | D46: =VLOOKUP(C46,DMSP!$A$1:$C$39,2,0) -> 2.HC | E46: =VLOOKUP(C46,DMSP!$A$1:$C$39,3,0) -> HC KING-ROOT | F46: =S46 -> 0 | S46: =SUM(G46:R46) -> 0
C47: =C46+1 -> 4 | D47: =VLOOKUP(C47,DMSP!$A$1:$C$39,2,0) -> 2.HC | E47: =VLOOKUP(C47,DMSP!$A$1:$C$39,3,0) -> HAPPY FARM | F47: =S47 -> 0 | S47: =SUM(G47:R47) -> 0
C48: =C47+1 -> 5 | D48: =VLOOKUP(C48,DMSP!$A$1:$C$39,2,0) -> 2.HC | E48: =VLOOKUP(C48,DMSP!$A$1:$C$39,3,0) -> WOW | F48: =S48 -> 0 | S48: =SUM(G48:R48) -> 0
C49: =C48+1 -> 6 | D49: =VLOOKUP(C49,DMSP!$A$1:$C$39,2,0) -> 3.SPRAY | E49: =VLOOKUP(C49,DMSP!$A$1:$C$39,3,0) -> KELPIT | F49: =S49 -> 0 | S49: =SUM(G49:R49) -> 0
C50: =C49+1 -> 7 | D50: =VLOOKUP(C50,DMSP!$A$1:$C$39,2,0) -> 3.SPRAY | E50: =VLOOKUP(C50,DMSP!$A$1:$C$39,3,0) -> SI-K | F50: =S50 -> 0 | S50: =SUM(G50:R50) -> 0
C51: =C50+1 -> 8 | D51: =VLOOKUP(C51,DMSP!$A$1:$C$39,2,0) -> 3.SPRAY | E51: =VLOOKUP(C51,DMSP!$A$1:$C$39,3,0) -> SPRAY PHOS 620 | F51: =S51 -> 0 | S51: =SUM(G51:R51) -> 0
C52: =C51+1 -> 9 | D52: =VLOOKUP(C52,DMSP!$A$1:$C$39,2,0) -> 4.DƯỠNG RỄ | E52: =VLOOKUP(C52,DMSP!$A$1:$C$39,3,0) -> CHITOSAN | F52: =S52 -> 0 | S52: =SUM(G52:R52) -> 0
C53: =C52+1 -> 10 | D53: =VLOOKUP(C53,DMSP!$A$1:$C$39,2,0) -> 4.DƯỠNG RỄ | E53: =VLOOKUP(C53,DMSP!$A$1:$C$39,3,0) -> ĐẠM CÁ | F53: =S53 -> 0 | S53: =SUM(G53:R53) -> 0
C54: =C53+1 -> 11 | D54: =VLOOKUP(C54,DMSP!$A$1:$C$39,2,0) -> 4.DƯỠNG RỄ | E54: =VLOOKUP(C54,DMSP!$A$1:$C$39,3,0) -> ĐẠM TÔM | F54: =S54 -> 0 | S54: =SUM(G54:R54) -> 0
C55: =C54+1 -> 12 | D55: =VLOOKUP(C55,DMSP!$A$1:$C$39,2,0) -> 4.DƯỠNG RỄ | E55: =VLOOKUP(C55,DMSP!$A$1:$C$39,3,0) -> SUPERMIC | F55: =S55 -> 0 | S55: =SUM(G55:R55) -> 0
C56: =C55+1 -> 13 | D56: =VLOOKUP(C56,DMSP!$A$1:$C$39,2,0) -> 5.TRUYỀN THỐNG | E56: =VLOOKUP(C56,DMSP!$A$1:$C$39,3,0) -> CABO | F56: =S56 -> 0 | S56: =SUM(G56:R56) -> 0
... C71: =C70+1 -> 28 | D71: =VLOOKUP(C71,DMSP!$A$1:$C$39,2,0) -> 7.KHÁC | E71: =VLOOKUP(C71,DMSP!$A$1:$C$39,3,0) -> KHÁC1 | F71: =S71 -> 0 | S71: =SUM(G71:R71) -> 0
C72: =C71+1 -> 29 | D72: =VLOOKUP(C72,DMSP!$A$1:$C$39,2,0) -> 7.KHÁC | E72: REACH | F72: =S72 -> 190 | H72: 30 | J72: 46 | M72: 38 | Q72: 38 | R72: 38 | S72: =SUM(G72:R72) -> 190
C73: =C72+1 -> 30 | D73: =VLOOKUP(C73,DMSP!$A$1:$C$39,2,0) -> 7.KHÁC | E73: =VLOOKUP(C73,DMSP!$A$1:$C$39,3,0) -> RỬA RONG RÊU | F73: =S73 -> 0 | S73: =SUM(G73:R73) -> 0
C74: =C73+1 -> 31 | D74: =VLOOKUP(C74,DMSP!$A$1:$C$39,2,0) -> 7.KHÁC | E74: =VLOOKUP(C74,DMSP!$A$1:$C$39,3,0) -> TB BO | F74: =S74 -> 0 | S74: =SUM(G74:R74) -> 0
C75: =C74+1 -> 32 | D75: =VLOOKUP(C75,DMSP!$A$1:$C$39,2,0) -> 7.KHÁC | E75: =VLOOKUP(C75,DMSP!$A$1:$C$39,3,0) -> TB FRUIT | F75: =S75 -> 0 | S75: =SUM(G75:R75) -> 0
C76: =C75+1 -> 33 | D76: =VLOOKUP(C76,DMSP!$A$1:$C$39,2,0) -> 7.KHÁC | E76: =VLOOKUP(C76,DMSP!$A$1:$C$39,3,0) -> TB PHOS | F76: =S76 -> 0 | S76: =SUM(G76:R76) -> 0
C77: =C76+1 -> 34 | D77: =VLOOKUP(C77,DMSP!$A$1:$C$39,2,0) -> 7.KHÁC | E77: =VLOOKUP(C77,DMSP!$A$1:$C$39,3,0) -> TOBA BÁM DÍNH | F77: =S77 -> 0 | S77: =SUM(G77:R77) -> 0
C78: =C77+1 -> 35 | D78: =VLOOKUP(C78,DMSP!$A$1:$C$39,2,0) -> 7.KHÁC | E78: =VLOOKUP(C78,DMSP!$A$1:$C$39,3,0) -> VỌT HOA NHÃN | F78: =S78 -> 0 | S78: =SUM(G78:R78) -> 0
C79: =C78+1 -> 36 | D79: =VLOOKUP(C79,DMSP!$A$1:$C$39,2,0) -> 7.KHÁC | E79: =VLOOKUP(C79,DMSP!$A$1:$C$39,3,0) -> VỌT HOA XOÀI | F79: =S79 -> 0 | S79: =SUM(G79:R79) -> 0
C80: =C79+1 -> 37 | D80: =VLOOKUP(C80,DMSP!$A$1:$C$39,2,0) -> 7.KHÁC | E80: =VLOOKUP(C80,DMSP!$A$1:$C$39,3,0) -> VỌT HOA XOÀI | F80: =S80 -> 0 | S80: =SUM(G80:R80) -> 0
C81: =B44 -> TRUNG DŨNG | E81: ="TOTAL "&B44 -> TOTAL TRUNG DŨNG | F81: =S81 -> 190 | G81: =SUM(G44:G80) -> 0 | H81: =SUM(H44:H80) -> 30 | I81: =SUM(I44:I80) -> 0 | J81: =SUM(J44:J80) -> 46 | K81: =SUM(K44:K80) -> 0 | L81: =SUM(L44:L80) -> 0 | M81: =SUM(M44:M80) -> 38 | N81: =SUM(N44:N80) -> 0 | ... R81: =SUM(R44:R80) -> 38 | S81: =SUM(G81:R81) -> 190
B82: TRẦN VĂN KIỀN | C82: 1 | D82: =VLOOKUP(C82,DMSP!$A$1:$C$39,2,0) -> 1.TOBA XANH | E82: =VLOOKUP(C82,DMSP!$A$1:$C$39,3,0) -> TOBA XANH | F82: =S82 -> 0 | S82: =SUM(G82:R82) -> 0 | T82: =S119 -> 97
C83: =C82+1 -> 2 | D83: =VLOOKUP(C83,DMSP!$A$1:$C$39,2,0) -> 2.HC | E83: =VLOOKUP(C83,DMSP!$A$1:$C$39,3,0) -> HC BOOSTER | F83: =S83 -> 0 | S83: =SUM(G83:R83) -> 0
C84: =C83+1 -> 3 | D84: =VLOOKUP(C84,DMSP!$A$1:$C$39,2,0) -> 2.HC | E84: =VLOOKUP(C84,DMSP!$A$1:$C$39,3,0) -> HC KING-ROOT | F84: =S84 -> 0 | S84: =SUM(G84:R84) -> 0
C85: =C84+1 -> 4 | D85: =VLOOKUP(C85,DMSP!$A$1:$C$39,2,0) -> 2.HC | E85: =VLOOKUP(C85,DMSP!$A$1:$C$39,3,0) -> HAPPY FARM | F85: =S85 -> 0 | S85: =SUM(G85:R85) -> 0
C86: =C85+1 -> 5 | D86: =VLOOKUP(C86,DMSP!$A$1:$C$39,2,0) -> 2.HC | E86: =VLOOKUP(C86,DMSP!$A$1:$C$39,3,0) -> WOW | F86: =S86 -> 0 | S86: =SUM(G86:R86) -> 0
C87: =C86+1 -> 6 | D87: =VLOOKUP(C87,DMSP!$A$1:$C$39,2,0) -> 3.SPRAY | E87: =VLOOKUP(C87,DMSP!$A$1:$C$39,3,0) -> KELPIT | F87: =S87 -> 0 | S87: =SUM(G87:R87) -> 0
C88: =C87+1 -> 7 | D88: =VLOOKUP(C88,DMSP!$A$1:$C$39,2,0) -> 3.SPRAY | E88: =VLOOKUP(C88,DMSP!$A$1:$C$39,3,0) -> SI-K | F88: =S88 -> 0 | S88: =SUM(G88:R88) -> 0
C89: =C88+1 -> 8 | D89: =VLOOKUP(C89,DMSP!$A$1:$C$39,2,0) -> 3.SPRAY | E89: =VLOOKUP(C89,DMSP!$A$1:$C$39,3,0) -> SPRAY PHOS 620 | F89: =S89 -> 0 | S89: =SUM(G89:R89) -> 0
C90: =C89+1 -> 9 | D90: =VLOOKUP(C90,DMSP!$A$1:$C$39,2,0) -> 4.DƯỠNG RỄ | E90: =VLOOKUP(C90,DMSP!$A$1:$C$39,3,0) -> CHITOSAN | F90: =S90 -> 0 | S90: =SUM(G90:R90) -> 0
C91: =C90+1 -> 10 | D91: =VLOOKUP(C91,DMSP!$A$1:$C$39,2,0) -> 4.DƯỠNG RỄ | E91: =VLOOKUP(C91,DMSP!$A$1:$C$39,3,0) -> ĐẠM CÁ | F91: =S91 -> 0 | S91: =SUM(G91:R91) -> 0
C92: =C91+1 -> 11 | D92: =VLOOKUP(C92,DMSP!$A$1:$C$39,2,0) -> 4.DƯỠNG RỄ | E92: =VLOOKUP(C92,DMSP!$A$1:$C$39,3,0) -> ĐẠM TÔM | F92: =S92 -> 0 | S92: =SUM(G92:R92) -> 0
C93: =C92+1 -> 12 | D93: =VLOOKUP(C93,DMSP!$A$1:$C$39,2,0) -> 4.DƯỠNG RỄ | E93: =VLOOKUP(C93,DMSP!$A$1:$C$39,3,0) -> SUPERMIC | F93: =S93 -> 0 | S93: =SUM(G93:R93) -> 0
C94: =C93+1 -> 13 | D94: =VLOOKUP(C94,DMSP!$A$1:$C$39,2,0) -> 5.TRUYỀN THỐNG | E94: =VLOOKUP(C94,DMSP!$A$1:$C$39,3,0) -> CABO | F94: =S94 -> 0 | S94: =SUM(G94:R94) -> 0
... C103: =C102+1 -> 22 | D103: =VLOOKUP(C103,DMSP!$A$1:$C$39,2,0) -> 6.BVTV | E103: =VLOOKUP(C103,DMSP!$A$1:$C$39,3,0) -> BACBA | F103: =S103 -> 0 | S103: =SUM(G103:R103) -> 0
C104: =C103+1 -> 23 | D104: =VLOOKUP(C104,DMSP!$A$1:$C$39,2,0) -> 6.BVTV | E104: =VLOOKUP(C104,DMSP!$A$1:$C$39,3,0) -> BIOROSAMIL | F104: =S104 -> 36 | H104: 9 | J104: 8 | L104: 11 | Q104: 8 | S104: =SUM(G104:R104) -> 36
C105: =C104+1 -> 24 | D105: =VLOOKUP(C105,DMSP!$A$1:$C$39,2,0) -> 6.BVTV | E105: =VLOOKUP(C105,DMSP!$A$1:$C$39,3,0) -> COC 86 | F105: =S105 -> 0 | S105: =SUM(G105:R105) -> 0
C106: =C105+1 -> 25 | D106: =VLOOKUP(C106,DMSP!$A$1:$C$39,2,0) -> 6.BVTV | E106: =VLOOKUP(C106,DMSP!$A$1:$C$39,3,0) -> HEXA 5 | F106: =S106 -> 0 | S106: =SUM(G106:R106) -> 0
C107: =C106+1 -> 26 | D107: =VLOOKUP(C107,DMSP!$A$1:$C$39,2,0) -> 6.BVTV | E107: =VLOOKUP(C107,DMSP!$A$1:$C$39,3,0) -> TAMALA | F107: =S107 -> 0 | S107: =SUM(G107:R107) -> 0
C108: =C107+1 -> 27 | D108: =VLOOKUP(C108,DMSP!$A$1:$C$39,2,0) -> 7.KHÁC | E108: =VLOOKUP(C108,DMSP!$A$1:$C$39,3,0) -> KẼM VÀNG | F108: =S108 -> 0 | S108: =SUM(G108:R108) -> 0
C109: =C108+1 -> 28 | D109: =VLOOKUP(C109,DMSP!$A$1:$C$39,2,0) -> 7.KHÁC | E109: =VLOOKUP(C109,DMSP!$A$1:$C$39,3,0) -> KHÁC1 | F109: =S109 -> 4 | J109: 1 | K109: 3 | S109: =SUM(G109:R109) -> 4
C110: =C109+1 -> 29 | D110: =VLOOKUP(C110,DMSP!$A$1:$C$39,2,0) -> 7.KHÁC | E110: REACH | F110: =S110 -> 57 | H110: 19 | K110: 19 | Q110: 19 | S110: =SUM(G110:R110) -> 57
C111: =C110+1 -> 30 | D111: =VLOOKUP(C111,DMSP!$A$1:$C$39,2,0) -> 7.KHÁC | E111: =VLOOKUP(C111,DMSP!$A$1:$C$39,3,0) -> RỬA RONG RÊU | F111: =S111 -> 0 | S111: =SUM(G111:R111) -> 0
C112: =C111+1 -> 31 | D112: =VLOOKUP(C112,DMSP!$A$1:$C$39,2,0) -> 7.KHÁC | E112: =VLOOKUP(C112,DMSP!$A$1:$C$39,3,0) -> TB BO | F112: =S112 -> 0 | S112: =SUM(G112:R112) -> 0
C113: =C112+1 -> 32 | D113: =VLOOKUP(C113,DMSP!$A$1:$C$39,2,0) -> 7.KHÁC | E113: =VLOOKUP(C113,DMSP!$A$1:$C$39,3,0) -> TB FRUIT | F113: =S113 -> 0 | S113: =SUM(G113:R113) -> 0
C114: =C113+1 -> 33 | D114: =VLOOKUP(C114,DMSP!$A$1:$C$39,2,0) -> 7.KHÁC | E114: =VLOOKUP(C114,DMSP!$A$1:$C$39,3,0) -> TB PHOS | F114: =S114 -> 0 | S114: =SUM(G114:R114) -> 0
C115: =C114+1 -> 34 | D115: =VLOOKUP(C115,DMSP!$A$1:$C$39,2,0) -> 7.KHÁC | E115: =VLOOKUP(C115,DMSP!$A$1:$C$39,3,0) -> TOBA BÁM DÍNH | F115: =S115 -> 0 | S115: =SUM(G115:R115) -> 0
C116: =C115+1 -> 35 | D116: =VLOOKUP(C116,DMSP!$A$1:$C$39,2,0) -> 7.KHÁC | E116: =VLOOKUP(C116,DMSP!$A$1:$C$39,3,0) -> VỌT HOA NHÃN | F116: =S116 -> 0 | S116: =SUM(G116:R116) -> 0
C117: =C116+1 -> 36 | D117: =VLOOKUP(C117,DMSP!$A$1:$C$39,2,0) -> 7.KHÁC | E117: =VLOOKUP(C117,DMSP!$A$1:$C$39,3,0) -> VỌT HOA XOÀI | F117: =S117 -> 0 | S117: =SUM(G117:R117) -> 0
C118: =C117+1 -> 37 | D118: =VLOOKUP(C118,DMSP!$A$1:$C$39,2,0) -> 7.KHÁC | E118: =VLOOKUP(C118,DMSP!$A$1:$C$39,3,0) -> VỌT HOA XOÀI | F118: =S118 -> 0 | S118: =SUM(G118:R118) -> 0
C119: =B82 -> TRẦN VĂN KIỀN | E119: ="TOTAL "&B82 -> TOTAL TRẦN VĂN KIỀN | F119: =S119 -> 97 | G119: =SUM(G82:G118) -> 0 | H119: =SUM(H82:H118) -> 28 | I119: =SUM(I82:I118) -> 0 | J119: =SUM(J82:J118) -> 9 | K119: =SUM(K82:K118) -> 22 | L119: =SUM(L82:L118) -> 11 | M119: =SUM(M82:M118) -> 0 | N119: =SUM(N82:N118) -> 0 | ... R119: =SUM(R82:R118) -> 0 | S119: =SUM(G119:R119) -> 97
B120: MỸ DUNG | C120: 1 | D120: =VLOOKUP(C120,DMSP!$A$1:$C$39,2,0) -> 1.TOBA XANH | E120: =VLOOKUP(C120,DMSP!$A$1:$C$39,3,0) -> TOBA XANH | F120: =S120 -> 7 | H120: 7 | S120: =SUM(G120:R120) -> 7 | T120: =S157 -> 19
C121: =C120+1 -> 2 | D121: =VLOOKUP(C121,DMSP!$A$1:$C$39,2,0) -> 2.HC | E121: =VLOOKUP(C121,DMSP!$A$1:$C$39,3,0) -> HC BOOSTER | F121: =S121 -> 0 | S121: =SUM(G121:R121) -> 0
C122: =C121+1 -> 3 | D122: =VLOOKUP(C122,DMSP!$A$1:$C$39,2,0) -> 2.HC | E122: =VLOOKUP(C122,DMSP!$A$1:$C$39,3,0) -> HC KING-ROOT | F122: =S122 -> 0 | S122: =SUM(G122:R122) -> 0
C123: =C122+1 -> 4 | D123: =VLOOKUP(C123,DMSP!$A$1:$C$39,2,0) -> 2.HC | E123: =VLOOKUP(C123,DMSP!$A$1:$C$39,3,0) -> HAPPY FARM | F123: =S123 -> 0 | S123: =SUM(G123:R123) -> 0
...

Sheet SL TỔNG THEO SẢN PHẨM
A1: =R40 -> 90431 | E1: TRIỆU Đồng | F1: KẾ HOẠCH DOANH SỐ THEO SẢN PHẨM NĂM 2020 VÙNG..................... | W1: 1 | X1: 2 | Y1: =X1+1 -> 3 | Z1: =Y1+1 -> 4 | AA1: =Z1+1 -> 5 | AB1: =AA1+1 -> 6 | AC1: =AB1+1 -> 7 | AD1: =AC1+1 -> 8 | AE1: =AD1+1 -> 9 | AF1: =AE1+1 -> 10 | ... AH1: =AG1+1 -> 12
A2: TÊN KH | B2: TT | C2: NHÓM SP | D2: SẢN PHẨM | E2: TỔNG | F2: 1 | G2: 2 | H2: 3 | I2: 4 | J2: 5 | K2: 6 | L2: 7 | M2: 8 | N2: 9 | O2: 10 | P2: 11 | Q2: 12 | R2: Grand Total | T2: CỘT | U2: TỪ | V2: ĐẾN | AI2: 1 | AJ2: =AI2+1 -> 2 | AK2: =AJ2+1 -> 3 | AL2: =AK2+1 -> 4 | AM2: =AL2+1 -> 5 | AN2: =AM2+1 -> 6 | AO2: =AN2+1 -> 7 | AP2: =AO2+1 -> 8 | AQ2: =AP2+1 -> 9 | ... AT2: =AS2+1 -> 12 | AY2: 1 | AZ2: =AY2+1 -> 2 | BA2: =AZ2+1 -> 3 | BB2: =BA2+1 -> 4 | BC2: =BB2+1 -> 5 | BD2: =BC2+1 -> 6 | BE2: =BD2+1 -> 7 | BF2: =BE2+1 -> 8 | BG2: =BF2+1 -> 9 | ... BJ2: =BI2+1 -> 12
A3: ĐL 1234 | B3: 1 | C3: =VLOOKUP(B3,DMSP!$A$1:$C$39,2,0) -> 1.TOBA XANH | D3: =VLOOKUP(B3,DMSP!$A$1:$C$39,3,0) -> TOBA XANH | E3: =R3 -> 7 | F3: =DSUM('KHACH HANG'!$E$5:$R$2133,"1",'KHACH HANG'!$Y$5:$Y$6) -> 0 | G3: =DSUM('KHACH HANG'!$E$5:$R$2133,"2",'KHACH HANG'!$Y$5:$Y$6) -> 7 | H3: =DSUM('KHACH HANG'!$E$5:$R$2133,"3",'KHACH HANG'!$Y$5:$Y$6) -> 0 | I3: =DSUM('KHACH HANG'!$E$5:$R$2133,"4",'KHACH HANG'!$Y$5:$Y$6) -> 0 | J3: =DSUM('KHACH HANG'!$E$5:$R$2133,"5",'KHACH HANG'!$Y$5:$Y$6) -> 0 | K3: =DSUM('KHACH HANG'!$E$5:$R$2133,"6",'KHACH HANG'!$Y$5:$Y$6) -> 0 | L3: =DSUM('KHACH HANG'!$E$5:$R$2133,"7",'KHACH HANG'!$Y$5:$Y$6) -> 0 | M3: =DSUM('KHACH HANG'!$E$5:$R$2133,"8",'KHACH HANG'!$Y$5:$Y$6) -> 0 | N3: =DSUM('KHACH HANG'!$E$5:$R$2133,"9",'KHACH HANG'!$Y$5:$Y$6) -> 0 | O3: =DSUM('KHACH HANG'!$E$5:$R$2133,"10",'KHACH HANG'!$Y$5:$Y$6) -> 0 | P3: =DSUM('KHACH HANG'!$E$5:$R$2133,"11",'KHACH HANG'!$Y$5:$Y$6) -> 0 | Q3: =DSUM('KHACH HANG'!$E$5:$R$2133,"12",'KHACH HANG'!$Y$5:$Y$6) -> 0 | R3: =SUM(F3:Q3) -> 7 | T3: X | U3: 5 | V3: 6 | W3: DSUM('NHAN VIEN'!$E$5:$Q$2133,"1" | X3: ="DSUM('NHAN VIEN'!$E$5:$Q$2133,"&""""&$X$1&"""" -> DSUM('NHAN VIEN'!$E$5:$Q$2133,"2" | Y3: ="DSUM('NHAN VIEN'!$E$5:$Q$2133,"&""""&$Y$1&"""" -> DSUM('NHAN VIEN'!$E$5:$Q$2133,"3" | Z3: ="DSUM('NHAN VIEN'!$E$5:$Q$2133,"&""""&$Z$1&"""" -> DSUM('NHAN VIEN'!$E$5:$Q$2133,"4" | AA3: ="DSUM('NHAN VIEN'!$E$5:$Q$2133,"&""""&$AA$1&"""" -> DSUM('NHAN VIEN'!$E$5:$Q$2133,"5" | AB3: ="DSUM('NHAN VIEN'!$E$5:$Q$2133,"&""""&$AB$1&"""" -> DSUM('NHAN VIEN'!$E$5:$Q$2133,"6" | AC3: ="DSUM('NHAN VIEN'!$E$5:$Q$2133,"&""""&$AC$1&"""" -> DSUM('NHAN VIEN'!$E$5:$Q$2133,"7" | AD3: ="DSUM('NHAN VIEN'!$E$5:$Q$2133,"&""""&$AD$1&"""" -> DSUM('NHAN VIEN'!$E$5:$Q$2133,"8" | AE3: ="DSUM('NHAN VIEN'!$E$5:$Q$2133,"&""""&$AE$1&"""" -> DSUM('NHAN VIEN'!$E$5:$Q$2133,"9" | AF3: ="DSUM('NHAN VIEN'!$E$5:$Q$2133,"&""""&$AF$1&"""" -> DSUM('NHAN VIEN'!$E$5:$Q$2133,"10" | AG3: ="DSUM('NHAN VIEN'!$E$5:$Q$2133,"&""""&$AG$1&"""" -> DSUM('NHAN VIEN'!$E$5:$Q$2133,"11" | AH3: ="DSUM('NHAN VIEN'!$E$5:$Q$2133,"&""""&$AH$1&"""" -> DSUM('NHAN VIEN'!$E$5:$Q$2133,"12" | AI3: =W3&","&AV3&")" -> DSUM('NHAN VIEN'!$E$5:$Q$2133,"1",'NHAN VIEN'!$X$5:$X$6) | AJ3: =X3&","&AV3&")" -> DSUM('NHAN VIEN'!$E$5:$Q$2133,"2",'NHAN VIEN'!$X$5:$X$6) | AK3: =Y3&","&AV3&")" -> DSUM('NHAN VIEN'!$E$5:$Q$2133,"3",'NHAN VIEN'!$X$5:$X$6) | AL3: =Z3&","&AV3&")" -> DSUM('NHAN VIEN'!$E$5:$Q$2133,"4",'NHAN VIEN'!$X$5:$X$6) | AM3: =AA3&","&AV3&")" -> DSUM('NHAN VIEN'!$E$5:$Q$2133,"5",'NHAN VIEN'!$X$5:$X$6) | AN3: =AB3&","&AV3&")" -> DSUM('NHAN VIEN'!$E$5:$Q$2133,"6",'NHAN VIEN'!$X$5:$X$6) | AO3: =AC3&","&AV3&")" -> DSUM('NHAN VIEN'!$E$5:$Q$2133,"7",'NHAN VIEN'!$X$5:$X$6) | AP3: =AD3&","&AV3&")" -> DSUM('NHAN VIEN'!$E$5:$Q$2133,"8",'NHAN VIEN'!$X$5:$X$6) | AQ3: =AE3&","&AV3&")" -> DSUM('NHAN VIEN'!$E$5:$Q$2133,"9",'NHAN VIEN'!$X$5:$X$6) | AR3: =AF3&","&AV3&")" -> DSUM('NHAN VIEN'!$E$5:$Q$2133,"10",'NHAN VIEN'!$X$5:$X$6) | AS3: =AG3&","&AV3&")" -> DSUM('NHAN VIEN'!$E$5:$Q$2133,"11",'NHAN VIEN'!$X$5:$X$6) | AT3: =AH3&","&AV3&")" -> DSUM('NHAN VIEN'!$E$5:$Q$2133,"12",'NHAN VIEN'!$X$5:$X$6) | AU3: =AI3&","&$AV$3&")" -> DSUM('NHAN VIEN'!$E$5:$Q$2133,"1",'NHAN VIEN'!$X$5:$X$6),'NHAN VIEN'!$X$5:$X$6) | AV3: ="'NHAN VIEN'!$"&T3&"$"&U3&":$"&T3&"$"&V3 -> 'NHAN VIEN'!$X$5:$X$6 | AY3: ="="&AI3 -> =DSUM('NHAN VIEN'!$E$5:$Q$2133,"1",'NHAN VIEN'!$X$5:$X$6) | AZ3: ="="&AJ3 -> =DSUM('NHAN VIEN'!$E$5:$Q$2133,"2",'NHAN VIEN'!$X$5:$X$6) | BA3: ="="&AK3 -> =DSUM('NHAN VIEN'!$E$5:$Q$2133,"3",'NHAN VIEN'!$X$5:$X$6) | BB3: ="="&AL3 -> =DSUM('NHAN VIEN'!$E$5:$Q$2133,"4",'NHAN VIEN'!$X$5:$X$6) | BC3: ="="&AM3 -> =DSUM('NHAN VIEN'!$E$5:$Q$2133,"5",'NHAN VIEN'!$X$5:$X$6) | BD3: ="="&AN3 -> =DSUM('NHAN VIEN'!$E$5:$Q$2133,"6",'NHAN VIEN'!$X$5:$X$6) | BE3: ="="&AO3 -> =DSUM('NHAN VIEN'!$E$5:$Q$2133,"7",'NHAN VIEN'!$X$5:$X$6) | BF3: ="="&AP3 -> =DSUM('NHAN VIEN'!$E$5:$Q$2133,"8",'NHAN VIEN'!$X$5:$X$6) | ... BJ3: ="="&AT3 -> =DSUM('NHAN VIEN'!$E$5:$Q$2133,"12",'NHAN VIEN'!$X$5:$X$6) | BR3: =R3-'KHACH HANG'!S6 -> 7
B4: =B3+1 -> 2 | C4: =VLOOKUP(B4,DMSP!$A$1:$C$39,2,0) -> 2.HC | D4: =VLOOKUP(B4,DMSP!$A$1:$C$39,3,0) -> HC BOOSTER | E4: =R4 -> 167 | F4: =DSUM('KHACH HANG'!$E$5:$R$2133,"1",'KHACH HANG'!$Z$5:$Z$6) -> 72 | G4: =DSUM('KHACH HANG'!$E$5:$R$2133,"2",'KHACH HANG'!$Z$5:$Z$6) -> 0 | H4: =DSUM('KHACH HANG'!$E$5:$R$2133,"3",'KHACH HANG'!$Z$5:$Z$6) -> 0 | I4: =DSUM('KHACH HANG'!$E$5:$R$2133,"4",'KHACH HANG'!$Z$5:$Z$6) -> 55 | J4: =DSUM('KHACH HANG'!$E$5:$R$2133,"5",'KHACH HANG'!$Z$5:$Z$6) -> 0 | K4: =DSUM('KHACH HANG'!$E$5:$R$2133,"6",'KHACH HANG'!$Z$5:$Z$6) -> 0 | L4: =DSUM('KHACH HANG'!$E$5:$R$2133,"7",'KHACH HANG'!$Z$5:$Z$6) -> 0 | M4: =DSUM('KHACH HANG'!$E$5:$R$2133,"8",'KHACH HANG'!$Z$5:$Z$6) -> 0 | N4: =DSUM('KHACH HANG'!$E$5:$R$2133,"9",'KHACH HANG'!$Z$5:$Z$6) -> 0 | O4: =DSUM('KHACH HANG'!$E$5:$R$2133,"10",'KHACH HANG'!$Z$5:$Z$6) -> 40 | P4: =DSUM('KHACH HANG'!$E$5:$R$2133,"11",'KHACH HANG'!$Z$5:$Z$6) -> 0 | Q4: =DSUM('KHACH HANG'!$E$5:$R$2133,"12",'KHACH HANG'!$Z$5:$Z$6) -> 0 | R4: =SUM(F4:Q4) -> 167 | T4: Y | U4: 5 | V4: 6 | W4: DSUM('NHAN VIEN'!$E$5:$Q$2133,"1" | X4: ="DSUM('NHAN VIEN'!$E$5:$Q$2133,"&""""&$X$1&"""" -> DSUM('NHAN VIEN'!$E$5:$Q$2133,"2" | Y4: ="DSUM('NHAN VIEN'!$E$5:$Q$2133,"&""""&$Y$1&"""" -> DSUM('NHAN VIEN'!$E$5:$Q$2133,"3" | Z4: ="DSUM('NHAN VIEN'!$E$5:$Q$2133,"&""""&$Z$1&"""" -> DSUM('NHAN VIEN'!$E$5:$Q$2133,"4" | AA4: ="DSUM('NHAN VIEN'!$E$5:$Q$2133,"&""""&$AA$1&"""" -> DSUM('NHAN VIEN'!$E$5:$Q$2133,"5" | AB4: ="DSUM('NHAN VIEN'!$E$5:$Q$2133,"&""""&$AB$1&"""" -> DSUM('NHAN VIEN'!$E$5:$Q$2133,"6" | AC4: ="DSUM('NHAN VIEN'!$E$5:$Q$2133,"&""""&$AC$1&"""" -> DSUM('NHAN VIEN'!$E$5:$Q$2133,"7" | AD4: ="DSUM('NHAN VIEN'!$E$5:$Q$2133,"&""""&$AD$1&"""" -> DSUM('NHAN VIEN'!$E$5:$Q$2133,"8" | AE4: ="DSUM('NHAN VIEN'!$E$5:$Q$2133,"&""""&$AE$1&"""" -> DSUM('NHAN VIEN'!$E$5:$Q$2133,"9" | AF4: ="DSUM('NHAN VIEN'!$E$5:$Q$2133,"&""""&$AF$1&"""" -> DSUM('NHAN VIEN'!$E$5:$Q$2133,"10" | AG4: ="DSUM('NHAN VIEN'!$E$5:$Q$2133,"&""""&$AG$1&"""" -> DSUM('NHAN VIEN'!$E$5:$Q$2133,"11" | AH4: ="DSUM('NHAN VIEN'!$E$5:$Q$2133,"&""""&$AH$1&"""" -> DSUM('NHAN VIEN'!$E$5:$Q$2133,"12" | AI4: =W4&","&AV4&")" -> DSUM('NHAN VIEN'!$E$5:$Q$2133,"1",'NHAN VIEN'!$Y$5:$Y$6) | AJ4: =X4&","&AV4&")" -> DSUM('NHAN VIEN'!$E$5:$Q$2133,"2",'NHAN VIEN'!$Y$5:$Y$6) | AK4: =Y4&","&AV4&")" -> DSUM('NHAN VIEN'!$E$5:$Q$2133,"3",'NHAN VIEN'!$Y$5:$Y$6) | AL4: =Z4&","&AV4&")" -> DSUM('NHAN VIEN'!$E$5:$Q$2133,"4",'NHAN VIEN'!$Y$5:$Y$6) | AM4: =AA4&","&AV4&")" -> DSUM('NHAN VIEN'!$E$5:$Q$2133,"5",'NHAN VIEN'!$Y$5:$Y$6) | AN4: =AB4&","&AV4&")" -> DSUM('NHAN VIEN'!$E$5:$Q$2133,"6",'NHAN VIEN'!$Y$5:$Y$6) | AO4: =AC4&","&AV4&")" -> DSUM('NHAN VIEN'!$E$5:$Q$2133,"7",'NHAN VIEN'!$Y$5:$Y$6) | AP4: =AD4&","&AV4&")" -> DSUM('NHAN VIEN'!$E$5:$Q$2133,"8",'NHAN VIEN'!$Y$5:$Y$6) | AQ4: =AE4&","&AV4&")" -> DSUM('NHAN VIEN'!$E$5:$Q$2133,"9",'NHAN VIEN'!$Y$5:$Y$6) | AR4: =AF4&","&AV4&")" -> DSUM('NHAN VIEN'!$E$5:$Q$2133,"10",'NHAN VIEN'!$Y$5:$Y$6) | AS4: =AG4&","&AV4&")" -> DSUM('NHAN VIEN'!$E$5:$Q$2133,"11",'NHAN VIEN'!$Y$5:$Y$6) | AT4: =AH4&","&AV4&")" -> DSUM('NHAN VIEN'!$E$5:$Q$2133,"12",'NHAN VIEN'!$Y$5:$Y$6) | AV4: ="'NHAN VIEN'!$"&T4&"$"&U4&":$"&T4&"$"&V4 -> 'NHAN VIEN'!$Y$5:$Y$6 | AY4: ="="&AI4 -> =DSUM('NHAN VIEN'!$E$5:$Q$2133,"1",'NHAN VIEN'!$Y$5:$Y$6) | AZ4: ="="&AJ4 -> =DSUM('NHAN VIEN'!$E$5:$Q$2133,"2",'NHAN VIEN'!$Y$5:$Y$6) | BA4: ="="&AK4 -> =DSUM('NHAN VIEN'!$E$5:$Q$2133,"3",'NHAN VIEN'!$Y$5:$Y$6) | BB4: ="="&AL4 -> =DSUM('NHAN VIEN'!$E$5:$Q$2133,"4",'NHAN VIEN'!$Y$5:$Y$6) | BC4: ="="&AM4 -> =DSUM('NHAN VIEN'!$E$5:$Q$2133,"5",'NHAN VIEN'!$Y$5:$Y$6) | BD4: ="="&AN4 -> =DSUM('NHAN VIEN'!$E$5:$Q$2133,"6",'NHAN VIEN'!$Y$5:$Y$6) | BE4: ="="&AO4 -> =DSUM('NHAN VIEN'!$E$5:$Q$2133,"7",'NHAN VIEN'!$Y$5:$Y$6) | BF4: ="="&AP4 -> =DSUM('NHAN VIEN'!$E$5:$Q$2133,"8",'NHAN VIEN'!$Y$5:$Y$6) | ... BJ4: ="="&AT4 -> =DSUM('NHAN VIEN'!$E$5:$Q$2133,"12",'NHAN VIEN'!$Y$5:$Y$6) | BR4: =R4-'KHACH HANG'!S7 -> 156
B5: =B4+1 -> 3 | C5: =VLOOKUP(B5,DMSP!$A$1:$C$39,2,0) -> 2.HC | D5: =VLOOKUP(B5,DMSP!$A$1:$C$39,3,0) -> HC KING-ROOT | E5: =R5 -> 19 | F5: =DSUM('KHACH HANG'!$E$5:$R$2133,"1",'KHACH HANG'!$AA$5:$AA$6) -> 0 | G5: =DSUM('KHACH HANG'!$E$5:$R$2133,"2",'KHACH HANG'!$AA$5:$AA$6) -> 0 | H5: =DSUM('KHACH HANG'!$E$5:$R$2133,"3",'KHACH HANG'!$AA$5:$AA$6) -> 12 | I5: =DSUM('KHACH HANG'!$E$5:$R$2133,"4",'KHACH HANG'!$AA$5:$AA$6) -> 0 | J5: =DSUM('KHACH HANG'!$E$5:$R$2133,"5",'KHACH HANG'!$AA$5:$AA$6) -> 2 | K5: =DSUM('KHACH HANG'!$E$5:$R$2133,"6",'KHACH HANG'!$AA$5:$AA$6) -> 0 | L5: =DSUM('KHACH HANG'!$E$5:$R$2133,"7",'KHACH HANG'!$AA$5:$AA$6) -> 0 | M5: =DSUM('KHACH HANG'!$E$5:$R$2133,"8",'KHACH HANG'!$AA$5:$AA$6) -> 0 | N5: =DSUM('KHACH HANG'!$E$5:$R$2133,"9",'KHACH HANG'!$AA$5:$AA$6) -> 0 | O5: =DSUM('KHACH HANG'!$E$5:$R$2133,"10",'KHACH HANG'!$AA$5:$AA$6) -> 0 | P5: =DSUM('KHACH HANG'!$E$5:$R$2133,"11",'KHACH HANG'!$AA$5:$AA$6) -> 0 | Q5: =DSUM('KHACH HANG'!$E$5:$R$2133,"12",'KHACH HANG'!$AA$5:$AA$6) -> 5 | R5: =SUM(F5:Q5) -> 19 | T5: Z | U5: 5 | V5: 6 | W5: DSUM('NHAN VIEN'!$E$5:$Q$2133,"1" | X5: ="DSUM('NHAN VIEN'!$E$5:$Q$2133,"&""""&$X$1&"""" -> DSUM('NHAN VIEN'!$E$5:$Q$2133,"2" | Y5: ="DSUM('NHAN VIEN'!$E$5:$Q$2133,"&""""&$Y$1&"""" -> DSUM('NHAN VIEN'!$E$5:$Q$2133,"3" | Z5: ="DSUM('NHAN VIEN'!$E$5:$Q$2133,"&""""&$Z$1&"""" -> DSUM('NHAN VIEN'!$E$5:$Q$2133,"4" | AA5: ="DSUM('NHAN VIEN'!$E$5:$Q$2133,"&""""&$AA$1&"""" -> DSUM('NHAN VIEN'!$E$5:$Q$2133,"5" | AB5: ="DSUM('NHAN VIEN'!$E$5:$Q$2133,"&""""&$AB$1&"""" -> DSUM('NHAN VIEN'!$E$5:$Q$2133,"6" | AC5: ="DSUM('NHAN VIEN'!$E$5:$Q$2133,"&""""&$AC$1&"""" -> DSUM('NHAN VIEN'!$E$5:$Q$2133,"7" | AD5: ="DSUM('NHAN VIEN'!$E$5:$Q$2133,"&""""&$AD$1&"""" -> DSUM('NHAN VIEN'!$E$5:$Q$2133,"8" | AE5: ="DSUM('NHAN VIEN'!$E$5:$Q$2133,"&""""&$AE$1&"""" -> DSUM('NHAN VIEN'!$E$5:$Q$2133,"9" | AF5: ="DSUM('NHAN VIEN'!$E$5:$Q$2133,"&""""&$AF$1&"""" -> DSUM('NHAN VIEN'!$E$5:$Q$2133,"10" | AG5: ="DSUM('NHAN VIEN'!$E$5:$Q$2133,"&""""&$AG$1&"""" -> DSUM('NHAN VIEN'!$E$5:$Q$2133,"11" | AH5: ="DSUM('NHAN VIEN'!$E$5:$Q$2133,"&""""&$AH$1&"""" -> DSUM('NHAN VIEN'!$E$5:$Q$2133,"12" | AI5: =W5&","&AV5&")" -> DSUM('NHAN VIEN'!$E$5:$Q$2133,"1",'NHAN VIEN'!$Z$5:$Z$6) | AJ5: =X5&","&AV5&")" -> DSUM('NHAN VIEN'!$E$5:$Q$2133,"2",'NHAN VIEN'!$Z$5:$Z$6) | AK5: =Y5&","&AV5&")" -> DSUM('NHAN VIEN'!$E$5:$Q$2133,"3",'NHAN VIEN'!$Z$5:$Z$6) | AL5: =Z5&","&AV5&")" -> DSUM('NHAN VIEN'!$E$5:$Q$2133,"4",'NHAN VIEN'!$Z$5:$Z$6) | AM5: =AA5&","&AV5&")" -> DSUM('NHAN VIEN'!$E$5:$Q$2133,"5",'NHAN VIEN'!$Z$5:$Z$6) | AN5: =AB5&","&AV5&")" -> DSUM('NHAN VIEN'!$E$5:$Q$2133,"6",'NHAN VIEN'!$Z$5:$Z$6) | AO5: =AC5&","&AV5&")" -> DSUM('NHAN VIEN'!$E$5:$Q$2133,"7",'NHAN VIEN'!$Z$5:$Z$6) | AP5: =AD5&","&AV5&")" -> DSUM('NHAN VIEN'!$E$5:$Q$2133,"8",'NHAN VIEN'!$Z$5:$Z$6) | AQ5: =AE5&","&AV5&")" -> DSUM('NHAN VIEN'!$E$5:$Q$2133,"9",'NHAN VIEN'!$Z$5:$Z$6) | AR5: =AF5&","&AV5&")" -> DSUM('NHAN VIEN'!$E$5:$Q$2133,"10",'NHAN VIEN'!$Z$5:$Z$6) | AS5: =AG5&","&AV5&")" -> DSUM('NHAN VIEN'!$E$5:$Q$2133,"11",'NHAN VIEN'!$Z$5:$Z$6) | AT5: =AH5&","&AV5&")" -> DSUM('NHAN VIEN'!$E$5:$Q$2133,"12",'NHAN VIEN'!$Z$5:$Z$6) | AV5: ="'NHAN VIEN'!$"&T5&"$"&U5&":$"&T5&"$"&V5 -> 'NHAN VIEN'!$Z$5:$Z$6 | AY5: ="="&AI5 -> =DSUM('NHAN VIEN'!$E$5:$Q$2133,"1",'NHAN VIEN'!$Z$5:$Z$6) | AZ5: ="="&AJ5 -> =DSUM('NHAN VIEN'!$E$5:$Q$2133,"2",'NHAN VIEN'!$Z$5:$Z$6) | BA5: ="="&AK5 -> =DSUM('NHAN VIEN'!$E$5:$Q$2133,"3",'NHAN VIEN'!$Z$5:$Z$6) | BB5: ="="&AL5 -> =DSUM('NHAN VIEN'!$E$5:$Q$2133,"4",'NHAN VIEN'!$Z$5:$Z$6) | BC5: ="="&AM5 -> =DSUM('NHAN VIEN'!$E$5:$Q$2133,"5",'NHAN VIEN'!$Z$5:$Z$6) | BD5: ="="&AN5 -> =DSUM('NHAN VIEN'!$E$5:$Q$2133,"6",'NHAN VIEN'!$Z$5:$Z$6) | BE5: ="="&AO5 -> =DSUM('NHAN VIEN'!$E$5:$Q$2133,"7",'NHAN VIEN'!$Z$5:$Z$6) | BF5: ="="&AP5 -> =DSUM('NHAN VIEN'!$E$5:$Q$2133,"8",'NHAN VIEN'!$Z$5:$Z$6) | ... BJ5: ="="&AT5 -> =DSUM('NHAN VIEN'!$E$5:$Q$2133,"12",'NHAN VIEN'!$Z$5:$Z$6) | BR5: =R5-'KHACH HANG'!S8 -> 19
B6: =B5+1 -> 4 | C6: =VLOOKUP(B6,DMSP!$A$1:$C$39,2,0) -> 2.HC | D6: =VLOOKUP(B6,DMSP!$A$1:$C$39,3,0) -> HAPPY FARM | E6: =R6 -> 41 | F6: =DSUM('KHACH HANG'!$E$5:$R$2133,"1",'KHACH HANG'!$AB$5:$AB$6) -> 41 | G6: =DSUM('KHACH HANG'!$E$5:$R$2133,"2",'KHACH HANG'!$AB$5:$AB$6) -> 0 | H6: =DSUM('KHACH HANG'!$E$5:$R$2133,"3",'KHACH HANG'!$AB$5:$AB$6) -> 0 | I6: =DSUM('KHACH HANG'!$E$5:$R$2133,"4",'KHACH HANG'!$AB$5:$AB$6) -> 0 | J6: =DSUM('KHACH HANG'!$E$5:$R$2133,"5",'KHACH HANG'!$AB$5:$AB$6) -> 0 | K6: =DSUM('KHACH HANG'!$E$5:$R$2133,"6",'KHACH HANG'!$AB$5:$AB$6) -> 0 | L6: =DSUM('KHACH HANG'!$E$5:$R$2133,"7",'KHACH HANG'!$AB$5:$AB$6) -> 0 | M6: =DSUM('KHACH HANG'!$E$5:$R$2133,"8",'KHACH HANG'!$AB$5:$AB$6) -> 0 | N6: =DSUM('KHACH HANG'!$E$5:$R$2133,"9",'KHACH HANG'!$AB$5:$AB$6) -> 0 | O6: =DSUM('KHACH HANG'!$E$5:$R$2133,"10",'KHACH HANG'!$AB$5:$AB$6) -> 0 | P6: =DSUM('KHACH HANG'!$E$5:$R$2133,"11",'KHACH HANG'!$AB$5:$AB$6) -> 0 | Q6: =DSUM('KHACH HANG'!$E$5:$R$2133,"12",'KHACH HANG'!$AB$5:$AB$6) -> 0 | R6: =SUM(F6:Q6) -> 41 | T6: AA | U6: 5 | V6: 6 | W6: DSUM('NHAN VIEN'!$E$5:$Q$2133,"1" | X6: ="DSUM('NHAN VIEN'!$E$5:$Q$2133,"&""""&$X$1&"""" -> DSUM('NHAN VIEN'!$E$5:$Q$2133,"2" | Y6: ="DSUM('NHAN VIEN'!$E$5:$Q$2133,"&""""&$Y$1&"""" -> DSUM('NHAN VIEN'!$E$5:$Q$2133,"3" | Z6: ="DSUM('NHAN VIEN'!$E$5:$Q$2133,"&""""&$Z$1&"""" -> DSUM('NHAN VIEN'!$E$5:$Q$2133,"4" | AA6: ="DSUM('NHAN VIEN'!$E$5:$Q$2133,"&""""&$AA$1&"""" -> DSUM('NHAN VIEN'!$E$5:$Q$2133,"5" | AB6: ="DSUM('NHAN VIEN'!$E$5:$Q$2133,"&""""&$AB$1&"""" -> DSUM('NHAN VIEN'!$E$5:$Q$2133,"6" | AC6: ="DSUM('NHAN VIEN'!$E$5:$Q$2133,"&""""&$AC$1&"""" -> DSUM('NHAN VIEN'!$E$5:$Q$2133,"7" | AD6: ="DSUM('NHAN VIEN'!$E$5:$Q$2133,"&""""&$AD$1&"""" -> DSUM('NHAN VIEN'!$E$5:$Q$2133,"8" | AE6: ="DSUM('NHAN VIEN'!$E$5:$Q$2133,"&""""&$AE$1&"""" -> DSUM('NHAN VIEN'!$E$5:$Q$2133,"9" | AF6: ="DSUM('NHAN VIEN'!$E$5:$Q$2133,"&""""&$AF$1&"""" -> DSUM('NHAN VIEN'!$E$5:$Q$2133,"10" | AG6: ="DSUM('NHAN VIEN'!$E$5:$Q$2133,"&""""&$AG$1&"""" -> DSUM('NHAN VIEN'!$E$5:$Q$2133,"11" | AH6: ="DSUM('NHAN VIEN'!$E$5:$Q$2133,"&""""&$AH$1&"""" -> DSUM('NHAN VIEN'!$E$5:$Q$2133,"12" | AI6: =W6&","&AV6&")" -> DSUM('NHAN VIEN'!$E$5:$Q$2133,"1",'NHAN VIEN'!$AA$5:$AA$6) | AJ6: =X6&","&AV6&")" -> DSUM('NHAN VIEN'!$E$5:$Q$2133,"2",'NHAN VIEN'!$AA$5:$AA$6) | AK6: =Y6&","&AV6&")" -> DSUM('NHAN VIEN'!$E$5:$Q$2133,"3",'NHAN VIEN'!$AA$5:$AA$6) | AL6: =Z6&","&AV6&")" -> DSUM('NHAN VIEN'!$E$5:$Q$2133,"4",'NHAN VIEN'!$AA$5:$AA$6) | AM6: =AA6&","&AV6&")" -> DSUM('NHAN VIEN'!$E$5:$Q$2133,"5",'NHAN VIEN'!$AA$5:$AA$6) | AN6: =AB6&","&AV6&")" -> DSUM('NHAN VIEN'!$E$5:$Q$2133,"6",'NHAN VIEN'!$AA$5:$AA$6) | AO6: =AC6&","&AV6&")" -> DSUM('NHAN VIEN'!$E$5:$Q$2133,"7",'NHAN VIEN'!$AA$5:$AA$6) | AP6: =AD6&","&AV6&")" -> DSUM('NHAN VIEN'!$E$5:$Q$2133,"8",'NHAN VIEN'!$AA$5:$AA$6) | AQ6: =AE6&","&AV6&")" -> DSUM('NHAN VIEN'!$E$5:$Q$2133,"9",'NHAN VIEN'!$AA$5:$AA$6) | AR6: =AF6&","&AV6&")" -> DSUM('NHAN VIEN'!$E$5:$Q$2133,"10",'NHAN VIEN'!$AA$5:$AA$6) | AS6: =AG6&","&AV6&")" -> DSUM('NHAN VIEN'!$E$5:$Q$2133,"11",'NHAN VIEN'!$AA$5:$AA$6) | AT6: =AH6&","&AV6&")" -> DSUM('NHAN VIEN'!$E$5:$Q$2133,"12",'NHAN VIEN'!$AA$5:$AA$6) | AV6: ="'NHAN VIEN'!$"&T6&"$"&U6&":$"&T6&"$"&V6 -> 'NHAN VIEN'!$AA$5:$AA$6 | AY6: ="="&AI6 -> =DSUM('NHAN VIEN'!$E$5:$Q$2133,"1",'NHAN VIEN'!$AA$5:$AA$6) | AZ6: ="="&AJ6 -> =DSUM('NHAN VIEN'!$E$5:$Q$2133,"2",'NHAN VIEN'!$AA$5:$AA$6) | BA6: ="="&AK6 -> =DSUM('NHAN VIEN'!$E$5:$Q$2133,"3",'NHAN VIEN'!$AA$5:$AA$6) | BB6: ="="&AL6 -> =DSUM('NHAN VIEN'!$E$5:$Q$2133,"4",'NHAN VIEN'!$AA$5:$AA$6) | BC6: ="="&AM6 -> =DSUM('NHAN VIEN'!$E$5:$Q$2133,"5",'NHAN VIEN'!$AA$5:$AA$6) | BD6: ="="&AN6 -> =DSUM('NHAN VIEN'!$E$5:$Q$2133,"6",'NHAN VIEN'!$AA$5:$AA$6) | BE6: ="="&AO6 -> =DSUM('NHAN VIEN'!$E$5:$Q$2133,"7",'NHAN VIEN'!$AA$5:$AA$6) | BF6: ="="&AP6 -> =DSUM('NHAN VIEN'!$E$5:$Q$2133,"8",'NHAN VIEN'!$AA$5:$AA$6) | ... BJ6: ="="&AT6 -> =DSUM('NHAN VIEN'!$E$5:$Q$2133,"12",'NHAN VIEN'!$AA$5:$AA$6) | BR6: =R6-'KHACH HANG'!S9 -> 6
B7: =B6+1 -> 5 | C7: =VLOOKUP(B7,DMSP!$A$1:$C$39,2,0) -> 2.HC | D7: =VLOOKUP(B7,DMSP!$A$1:$C$39,3,0) -> WOW | E7: =R7 -> 26 | F7: =DSUM('KHACH HANG'!$E$5:$R$2133,"1",'KHACH HANG'!$AC$5:$AC$6) -> 0 | G7: =DSUM('KHACH HANG'!$E$5:$R$2133,"2",'KHACH HANG'!$AC$5:$AC$6) -> 0 | H7: =DSUM('KHACH HANG'!$E$5:$R$2133,"3",'KHACH HANG'!$AC$5:$AC$6) -> 0 | I7: =DSUM('KHACH HANG'!$E$5:$R$2133,"4",'KHACH HANG'!$AC$5:$AC$6) -> 20 | J7: =DSUM('KHACH HANG'!$E$5:$R$2133,"5",'KHACH HANG'!$AC$5:$AC$6) -> 6 | K7: =DSUM('KHACH HANG'!$E$5:$R$2133,"6",'KHACH HANG'!$AC$5:$AC$6) -> 0 | L7: =DSUM('KHACH HANG'!$E$5:$R$2133,"7",'KHACH HANG'!$AC$5:$AC$6) -> 0 | M7: =DSUM('KHACH HANG'!$E$5:$R$2133,"8",'KHACH HANG'!$AC$5:$AC$6) -> 0 | N7: =DSUM('KHACH HANG'!$E$5:$R$2133,"9",'KHACH HANG'!$AC$5:$AC$6) -> 0 | O7: =DSUM('KHACH HANG'!$E$5:$R$2133,"10",'KHACH HANG'!$AC$5:$AC$6) -> 0 | P7: =DSUM('KHACH HANG'!$E$5:$R$2133,"11",'KHACH HANG'!$AC$5:$AC$6) -> 0 | Q7: =DSUM('KHACH HANG'!$E$5:$R$2133,"12",'KHACH HANG'!$AC$5:$AC$6) -> 0 | R7: =SUM(F7:Q7) -> 26 | T7: AB | U7: 5 | V7: 6 | W7: DSUM('NHAN VIEN'!$E$5:$Q$2133,"1" | X7: ="DSUM('NHAN VIEN'!$E$5:$Q$2133,"&""""&$X$1&"""" -> DSUM('NHAN VIEN'!$E$5:$Q$2133,"2" | Y7: ="DSUM('NHAN VIEN'!$E$5:$Q$2133,"&""""&$Y$1&"""" -> DSUM('NHAN VIEN'!$E$5:$Q$2133,"3" | Z7: ="DSUM('NHAN VIEN'!$E$5:$Q$2133,"&""""&$Z$1&"""" -> DSUM('NHAN VIEN'!$E$5:$Q$2133,"4" | AA7: ="DSUM('NHAN VIEN'!$E$5:$Q$2133,"&""""&$AA$1&"""" -> DSUM('NHAN VIEN'!$E$5:$Q$2133,"5" | AB7: ="DSUM('NHAN VIEN'!$E$5:$Q$2133,"&""""&$AB$1&"""" -> DSUM('NHAN VIEN'!$E$5:$Q$2133,"6" | AC7: ="DSUM('NHAN VIEN'!$E$5:$Q$2133,"&""""&$AC$1&"""" -> DSUM('NHAN VIEN'!$E$5:$Q$2133,"7" | AD7: ="DSUM('NHAN VIEN'!$E$5:$Q$2133,"&""""&$AD$1&"""" -> DSUM('NHAN VIEN'!$E$5:$Q$2133,"8" | AE7: ="DSUM('NHAN VIEN'!$E$5:$Q$2133,"&""""&$AE$1&"""" -> DSUM('NHAN VIEN'!$E$5:$Q$2133,"9" | AF7: ="DSUM('NHAN VIEN'!$E$5:$Q$2133,"&""""&$AF$1&"""" -> DSUM('NHAN VIEN'!$E$5:$Q$2133,"10" | AG7: ="DSUM('NHAN VIEN'!$E$5:$Q$2133,"&""""&$AG$1&"""" -> DSUM('NHAN VIEN'!$E$5:$Q$2133,"11" | AH7: ="DSUM('NHAN VIEN'!$E$5:$Q$2133,"&""""&$AH$1&"""" -> DSUM('NHAN VIEN'!$E$5:$Q$2133,"12" | AI7: =W7&","&AV7&")" -> DSUM('NHAN VIEN'!$E$5:$Q$2133,"1",'NHAN VIEN'!$AB$5:$AB$6) | AJ7: =X7&","&AV7&")" -> DSUM('NHAN VIEN'!$E$5:$Q$2133,"2",'NHAN VIEN'!$AB$5:$AB$6) | AK7: =Y7&","&AV7&")" -> DSUM('NHAN VIEN'!$E$5:$Q$2133,"3",'NHAN VIEN'!$AB$5:$AB$6) | AL7: =Z7&","&AV7&")" -> DSUM('NHAN VIEN'!$E$5:$Q$2133,"4",'NHAN VIEN'!$AB$5:$AB$6) | AM7: =AA7&","&AV7&")" -> DSUM('NHAN VIEN'!$E$5:$Q$2133,"5",'NHAN VIEN'!$AB$5:$AB$6) | AN7: =AB7&","&AV7&")" -> DSUM('NHAN VIEN'!$E$5:$Q$2133,"6",'NHAN VIEN'!$AB$5:$AB$6) | AO7: =AC7&","&AV7&")" -> DSUM('NHAN VIEN'!$E$5:$Q$2133,"7",'NHAN VIEN'!$AB$5:$AB$6) | AP7: =AD7&","&AV7&")" -> DSUM('NHAN VIEN'!$E$5:$Q$2133,"8",'NHAN VIEN'!$AB$5:$AB$6) | AQ7: =AE7&","&AV7&")" -> DSUM('NHAN VIEN'!$E$5:$Q$2133,"9",'NHAN VIEN'!$AB$5:$AB$6) | AR7: =AF7&","&AV7&")" -> DSUM('NHAN VIEN'!$E$5:$Q$2133,"10",'NHAN VIEN'!$AB$5:$AB$6) | AS7: =AG7&","&AV7&")" -> DSUM('NHAN VIEN'!$E$5:$Q$2133,"11",'NHAN VIEN'!$AB$5:$AB$6) | AT7: =AH7&","&AV7&")" -> DSUM('NHAN VIEN'!$E$5:$Q$2133,"12",'NHAN VIEN'!$AB$5:$AB$6) | AV7: ="'NHAN VIEN'!$"&T7&"$"&U7&":$"&T7&"$"&V7 -> 'NHAN VIEN'!$AB$5:$AB$6 | AY7: ="="&AI7 -> =DSUM('NHAN VIEN'!$E$5:$Q$2133,"1",'NHAN VIEN'!$AB$5:$AB$6) | AZ7: ="="&AJ7 -> =DSUM('NHAN VIEN'!$E$5:$Q$2133,"2",'NHAN VIEN'!$AB$5:$AB$6) | BA7: ="="&AK7 -> =DSUM('NHAN VIEN'!$E$5:$Q$2133,"3",'NHAN VIEN'!$AB$5:$AB$6) | BB7: ="="&AL7 -> =DSUM('NHAN VIEN'!$E$5:$Q$2133,"4",'NHAN VIEN'!$AB$5:$AB$6) | BC7: ="="&AM7 -> =DSUM('NHAN VIEN'!$E$5:$Q$2133,"5",'NHAN VIEN'!$AB$5:$AB$6) | BD7: ="="&AN7 -> =DSUM('NHAN VIEN'!$E$5:$Q$2133,"6",'NHAN VIEN'!$AB$5:$AB$6) | BE7: ="="&AO7 -> =DSUM('NHAN VIEN'!$E$5:$Q$2133,"7",'NHAN VIEN'!$AB$5:$AB$6) | BF7: ="="&AP7 -> =DSUM('NHAN VIEN'!$E$5:$Q$2133,"8",'NHAN VIEN'!$AB$5:$AB$6) | ... BJ7: ="="&AT7 -> =DSUM('NHAN VIEN'!$E$5:$Q$2133,"12",'NHAN VIEN'!$AB$5:$AB$6) | BR7: =R7-'KHACH HANG'!S10 -> 26
B8: =B7+1 -> 6 | C8: =VLOOKUP(B8,DMSP!$A$1:$C$39,2,0) -> 3.SPRAY | D8: =VLOOKUP(B8,DMSP!$A$1:$C$39,3,0) -> KELPIT | E8: =R8 -> 36 | F8: =DSUM('KHACH HANG'!$E$5:$R$2133,"1",'KHACH HANG'!$AD$5:$AD$6) -> 14 | G8: =DSUM('KHACH HANG'!$E$5:$R$2133,"2",'KHACH HANG'!$AD$5:$AD$6) -> 14 | H8: =DSUM('KHACH HANG'!$E$5:$R$2133,"3",'KHACH HANG'!$AD$5:$AD$6) -> 0 | I8: =DSUM('KHACH HANG'!$E$5:$R$2133,"4",'KHACH HANG'!$AD$5:$AD$6) -> 0 | J8: =DSUM('KHACH HANG'!$E$5:$R$2133,"5",'KHACH HANG'!$AD$5:$AD$6) -> 0 | K8: =DSUM('KHACH HANG'!$E$5:$R$2133,"6",'KHACH HANG'!$AD$5:$AD$6) -> 0 | L8: =DSUM('KHACH HANG'!$E$5:$R$2133,"7",'KHACH HANG'!$AD$5:$AD$6) -> 0 | M8: =DSUM('KHACH HANG'!$E$5:$R$2133,"8",'KHACH HANG'!$AD$5:$AD$6) -> 0 | N8: =DSUM('KHACH HANG'!$E$5:$R$2133,"9",'KHACH HANG'!$AD$5:$AD$6) -> 0 | O8: =DSUM('KHACH HANG'!$E$5:$R$2133,"10",'KHACH HANG'!$AD$5:$AD$6) -> 0 | P8: =DSUM('KHACH HANG'!$E$5:$R$2133,"11",'KHACH HANG'!$AD$5:$AD$6) -> 0 | Q8: =DSUM('KHACH HANG'!$E$5:$R$2133,"12",'KHACH HANG'!$AD$5:$AD$6) -> 8 | R8: =SUM(F8:Q8) -> 36 | T8: AC | U8: 5 | V8: 6 | W8: DSUM('NHAN VIEN'!$E$5:$Q$2133,"1" | X8: ="DSUM('NHAN VIEN'!$E$5:$Q$2133,"&""""&$X$1&"""" -> DSUM('NHAN VIEN'!$E$5:$Q$2133,"2" | Y8: ="DSUM('NHAN VIEN'!$E$5:$Q$2133,"&""""&$Y$1&"""" -> DSUM('NHAN VIEN'!$E$5:$Q$2133,"3" | Z8: ="DSUM('NHAN VIEN'!$E$5:$Q$2133,"&""""&$Z$1&"""" -> DSUM('NHAN VIEN'!$E$5:$Q$2133,"4" | AA8: ="DSUM('NHAN VIEN'!$E$5:$Q$2133,"&""""&$AA$1&"""" -> DSUM('NHAN VIEN'!$E$5:$Q$2133,"5" | AB8: ="DSUM('NHAN VIEN'!$E$5:$Q$2133,"&""""&$AB$1&"""" -> DSUM('NHAN VIEN'!$E$5:$Q$2133,"6" | AC8: ="DSUM('NHAN VIEN'!$E$5:$Q$2133,"&""""&$AC$1&"""" -> DSUM('NHAN VIEN'!$E$5:$Q$2133,"7" | AD8: ="DSUM('NHAN VIEN'!$E$5:$Q$2133,"&""""&$AD$1&"""" -> DSUM('NHAN VIEN'!$E$5:$Q$2133,"8" | AE8: ="DSUM('NHAN VIEN'!$E$5:$Q$2133,"&""""&$AE$1&"""" -> DSUM('NHAN VIEN'!$E$5:$Q$2133,"9" | AF8: ="DSUM('NHAN VIEN'!$E$5:$Q$2133,"&""""&$AF$1&"""" -> DSUM('NHAN VIEN'!$E$5:$Q$2133,"10" | AG8: ="DSUM('NHAN VIEN'!$E$5:$Q$2133,"&""""&$AG$1&"""" -> DSUM('NHAN VIEN'!$E$5:$Q$2133,"11" | AH8: ="DSUM('NHAN VIEN'!$E$5:$Q$2133,"&""""&$AH$1&"""" -> DSUM('NHAN VIEN'!$E$5:$Q$2133,"12" | AI8: =W8&","&AV8&")" -> DSUM('NHAN VIEN'!$E$5:$Q$2133,"1",'NHAN VIEN'!$AC$5:$AC$6) | AJ8: =X8&","&AV8&")" -> DSUM('NHAN VIEN'!$E$5:$Q$2133,"2",'NHAN VIEN'!$AC$5:$AC$6) | AK8: =Y8&","&AV8&")" -> DSUM('NHAN VIEN'!$E$5:$Q$2133,"3",'NHAN VIEN'!$AC$5:$AC$6) | AL8: =Z8&","&AV8&")" -> DSUM('NHAN VIEN'!$E$5:$Q$2133,"4",'NHAN VIEN'!$AC$5:$AC$6) | AM8: =AA8&","&AV8&")" -> DSUM('NHAN VIEN'!$E$5:$Q$2133,"5",'NHAN VIEN'!$AC$5:$AC$6) | AN8: =AB8&","&AV8&")" -> DSUM('NHAN VIEN'!$E$5:$Q$2133,"6",'NHAN VIEN'!$AC$5:$AC$6) | AO8: =AC8&","&AV8&")" -> DSUM('NHAN VIEN'!$E$5:$Q$2133,"7",'NHAN VIEN'!$AC$5:$AC$6) | AP8: =AD8&","&AV8&")" -> DSUM('NHAN VIEN'!$E$5:$Q$2133,"8",'NHAN VIEN'!$AC$5:$AC$6) | AQ8: =AE8&","&AV8&")" -> DSUM('NHAN VIEN'!$E$5:$Q$2133,"9",'NHAN VIEN'!$AC$5:$AC$6) | AR8: =AF8&","&AV8&")" -> DSUM('NHAN VIEN'!$E$5:$Q$2133,"10",'NHAN VIEN'!$AC$5:$AC$6) | AS8: =AG8&","&AV8&")" -> DSUM('NHAN VIEN'!$E$5:$Q$2133,"11",'NHAN VIEN'!$AC$5:$AC$6) | AT8: =AH8&","&AV8&")" -> DSUM('NHAN VIEN'!$E$5:$Q$2133,"12",'NHAN VIEN'!$AC$5:$AC$6) | AV8: ="'NHAN VIEN'!$"&T8&"$"&U8&":$"&T8&"$"&V8 -> 'NHAN VIEN'!$AC$5:$AC$6 | AY8: ="="&AI8 -> =DSUM('NHAN VIEN'!$E$5:$Q$2133,"1",'NHAN VIEN'!$AC$5:$AC$6) | AZ8: ="="&AJ8 -> =DSUM('NHAN VIEN'!$E$5:$Q$2133,"2",'NHAN VIEN'!$AC$5:$AC$6) | BA8: ="="&AK8 -> =DSUM('NHAN VIEN'!$E$5:$Q$2133,"3",'NHAN VIEN'!$AC$5:$AC$6) | BB8: ="="&AL8 -> =DSUM('NHAN VIEN'!$E$5:$Q$2133,"4",'NHAN VIEN'!$AC$5:$AC$6) | BC8: ="="&AM8 -> =DSUM('NHAN VIEN'!$E$5:$Q$2133,"5",'NHAN VIEN'!$AC$5:$AC$6) | BD8: ="="&AN8 -> =DSUM('NHAN VIEN'!$E$5:$Q$2133,"6",'NHAN VIEN'!$AC$5:$AC$6) | BE8: ="="&AO8 -> =DSUM('NHAN VIEN'!$E$5:$Q$2133,"7",'NHAN VIEN'!$AC$5:$AC$6) | BF8: ="="&AP8 -> =DSUM('NHAN VIEN'!$E$5:$Q$2133,"8",'NHAN VIEN'!$AC$5:$AC$6) | ... BJ8: ="="&AT8 -> =DSUM('NHAN VIEN'!$E$5:$Q$2133,"12",'NHAN VIEN'!$AC$5:$AC$6) | BR8: =R8-'KHACH HANG'!S11 -> 36
B9: =B8+1 -> 7 | C9: =VLOOKUP(B9,DMSP!$A$1:$C$39,2,0) -> 3.SPRAY | D9: =VLOOKUP(B9,DMSP!$A$1:$C$39,3,0) -> SI-K | E9: =R9 -> 127 | F9: =DSUM('KHACH HANG'!$E$5:$R$2133,"1",'KHACH HANG'!$Y$7:$Y$8) -> 0 | G9: =DSUM('KHACH HANG'!$E$5:$R$2133,"2",'KHACH HANG'!$Y$7:$Y$8) -> 0 | H9: =DSUM('KHACH HANG'!$E$5:$R$2133,"3",'KHACH HANG'!$Y$7:$Y$8) -> 0 | I9: =DSUM('KHACH HANG'!$E$5:$R$2133,"4",'KHACH HANG'!$Y$7:$Y$8) -> 0 | J9: =DSUM('KHACH HANG'!$E$5:$R$2133,"5",'KHACH HANG'!$Y$7:$Y$8) -> 49 | K9: =DSUM('KHACH HANG'!$E$5:$R$2133,"6",'KHACH HANG'!$Y$7:$Y$8) -> 49 | L9: =DSUM('KHACH HANG'!$E$5:$R$2133,"7",'KHACH HANG'!$Y$7:$Y$8) -> 5 | M9: =DSUM('KHACH HANG'!$E$5:$R$2133,"8",'KHACH HANG'!$Y$7:$Y$8) -> 0 | N9: =DSUM('KHACH HANG'!$E$5:$R$2133,"9",'KHACH HANG'!$Y$7:$Y$8) -> 0 | O9: =DSUM('KHACH HANG'!$E$5:$R$2133,"10",'KHACH HANG'!$Y$7:$Y$8) -> 0 | P9: =DSUM('KHACH HANG'!$E$5:$R$2133,"11",'KHACH HANG'!$Y$7:$Y$8) -> 5 | Q9: =DSUM('KHACH HANG'!$E$5:$R$2133,"12",'KHACH HANG'!$Y$7:$Y$8) -> 19 | R9: =SUM(F9:Q9) -> 127 | T9: X | U9: 7 | V9: 8 | W9: DSUM('NHAN VIEN'!$E$5:$Q$2133,"1" | X9: ="DSUM('NHAN VIEN'!$E$5:$Q$2133,"&""""&$X$1&"""" -> DSUM('NHAN VIEN'!$E$5:$Q$2133,"2" | Y9: ="DSUM('NHAN VIEN'!$E$5:$Q$2133,"&""""&$Y$1&"""" -> DSUM('NHAN VIEN'!$E$5:$Q$2133,"3" | Z9: ="DSUM('NHAN VIEN'!$E$5:$Q$2133,"&""""&$Z$1&"""" -> DSUM('NHAN VIEN'!$E$5:$Q$2133,"4" | AA9: ="DSUM('NHAN VIEN'!$E$5:$Q$2133,"&""""&$AA$1&"""" -> DSUM('NHAN VIEN'!$E$5:$Q$2133,"5" | AB9: ="DSUM('NHAN VIEN'!$E$5:$Q$2133,"&""""&$AB$1&"""" -> DSUM('NHAN VIEN'!$E$5:$Q$2133,"6" | AC9: ="DSUM('NHAN VIEN'!$E$5:$Q$2133,"&""""&$AC$1&"""" -> DSUM('NHAN VIEN'!$E$5:$Q$2133,"7" | AD9: ="DSUM('NHAN VIEN'!$E$5:$Q$2133,"&""""&$AD$1&"""" -> DSUM('NHAN VIEN'!$E$5:$Q$2133,"8" | AE9: ="DSUM('NHAN VIEN'!$E$5:$Q$2133,"&""""&$AE$1&"""" -> DSUM('NHAN VIEN'!$E$5:$Q$2133,"9" | AF9: ="DSUM('NHAN VIEN'!$E$5:$Q$2133,"&""""&$AF$1&"""" -> DSUM('NHAN VIEN'!$E$5:$Q$2133,"10" | AG9: ="DSUM('NHAN VIEN'!$E$5:$Q$2133,"&""""&$AG$1&"""" -> DSUM('NHAN VIEN'!$E$5:$Q$2133,"11" | AH9: ="DSUM('NHAN VIEN'!$E$5:$Q$2133,"&""""&$AH$1&"""" -> DSUM('NHAN VIEN'!$E$5:$Q$2133,"12" | AI9: =W9&","&AV9&")" -> DSUM('NHAN VIEN'!$E$5:$Q$2133,"1",'NHAN VIEN'!$X$7:$X$8) | AJ9: =X9&","&AV9&")" -> DSUM('NHAN VIEN'!$E$5:$Q$2133,"2",'NHAN VIEN'!$X$7:$X$8) | AK9: =Y9&","&AV9&")" -> DSUM('NHAN VIEN'!$E$5:$Q$2133,"3",'NHAN VIEN'!$X$7:$X$8) | AL9: =Z9&","&AV9&")" -> DSUM('NHAN VIEN'!$E$5:$Q$2133,"4",'NHAN VIEN'!$X$7:$X$8) | AM9: =AA9&","&AV9&")" -> DSUM('NHAN VIEN'!$E$5:$Q$2133,"5",'NHAN VIEN'!$X$7:$X$8) | AN9: =AB9&","&AV9&")" -> DSUM('NHAN VIEN'!$E$5:$Q$2133,"6",'NHAN VIEN'!$X$7:$X$8) | AO9: =AC9&","&AV9&")" -> DSUM('NHAN VIEN'!$E$5:$Q$2133,"7",'NHAN VIEN'!$X$7:$X$8) | AP9: =AD9&","&AV9&")" -> DSUM('NHAN VIEN'!$E$5:$Q$2133,"8",'NHAN VIEN'!$X$7:$X$8) | AQ9: =AE9&","&AV9&")" -> DSUM('NHAN VIEN'!$E$5:$Q$2133,"9",'NHAN VIEN'!$X$7:$X$8) | AR9: =AF9&","&AV9&")" -> DSUM('NHAN VIEN'!$E$5:$Q$2133,"10",'NHAN VIEN'!$X$7:$X$8) | AS9: =AG9&","&AV9&")" -> DSUM('NHAN VIEN'!$E$5:$Q$2133,"11",'NHAN VIEN'!$X$7:$X$8) | AT9: =AH9&","&AV9&")" -> DSUM('NHAN VIEN'!$E$5:$Q$2133,"12",'NHAN VIEN'!$X$7:$X$8) | AV9: ="'NHAN VIEN'!$"&T9&"$"&U9&":$"&T9&"$"&V9 -> 'NHAN VIEN'!$X$7:$X$8 | AY9: ="="&AI9 -> =DSUM('NHAN VIEN'!$E$5:$Q$2133,"1",'NHAN VIEN'!$X$7:$X$8) | AZ9: ="="&AJ9 -> =DSUM('NHAN VIEN'!$E$5:$Q$2133,"2",'NHAN VIEN'!$X$7:$X$8) | BA9: ="="&AK9 -> =DSUM('NHAN VIEN'!$E$5:$Q$2133,"3",'NHAN VIEN'!$X$7:$X$8) | BB9: ="="&AL9 -> =DSUM('NHAN VIEN'!$E$5:$Q$2133,"4",'NHAN VIEN'!$X$7:$X$8) | BC9: ="="&AM9 -> =DSUM('NHAN VIEN'!$E$5:$Q$2133,"5",'NHAN VIEN'!$X$7:$X$8) | BD9: ="="&AN9 -> =DSUM('NHAN VIEN'!$E$5:$Q$2133,"6",'NHAN VIEN'!$X$7:$X$8) | BE9: ="="&AO9 -> =DSUM('NHAN VIEN'!$E$5:$Q$2133,"7",'NHAN VIEN'!$X$7:$X$8) | BF9: ="="&AP9 -> =DSUM('NHAN VIEN'!$E$5:$Q$2133,"8",'NHAN VIEN'!$X$7:$X$8) | ... BJ9: ="="&AT9 -> =DSUM('NHAN VIEN'!$E$5:$Q$2133,"12",'NHAN VIEN'!$X$7:$X$8) | BR9: =R9-'KHACH HANG'!S12 -> 53
B10: =B9+1 -> 8 | C10: =VLOOKUP(B10,DMSP!$A$1:$C$39,2,0) -> 3.SPRAY | D10: =VLOOKUP(B10,DMSP!$A$1:$C$39,3,0) -> SPRAY PHOS 620 | E10: =R10 -> 240 | F10: =DSUM('KHACH HANG'!$E$5:$R$2133,"1",'KHACH HANG'!$Z$7:$Z$8) -> 23 | G10: =DSUM('KHACH HANG'!$E$5:$R$2133,"2",'KHACH HANG'!$Z$7:$Z$8) -> 0 | H10: =DSUM('KHACH HANG'!$E$5:$R$2133,"3",'KHACH HANG'!$Z$7:$Z$8) -> 0 | I10: =DSUM('KHACH HANG'!$E$5:$R$2133,"4",'KHACH HANG'!$Z$7:$Z$8) -> 86 | J10: =DSUM('KHACH HANG'!$E$5:$R$2133,"5",'KHACH HANG'!$Z$7:$Z$8) -> 45 | K10: =DSUM('KHACH HANG'!$E$5:$R$2133,"6",'KHACH HANG'!$Z$7:$Z$8) -> 0 | L10: =DSUM('KHACH HANG'!$E$5:$R$2133,"7",'KHACH HANG'!$Z$7:$Z$8) -> 14 | M10: =DSUM('KHACH HANG'!$E$5:$R$2133,"8",'KHACH HANG'!$Z$7:$Z$8) -> 0 | N10: =DSUM('KHACH HANG'!$E$5:$R$2133,"9",'KHACH HANG'!$Z$7:$Z$8) -> 0 | O10: =DSUM('KHACH HANG'!$E$5:$R$2133,"10",'KHACH HANG'!$Z$7:$Z$8) -> 14 | P10: =DSUM('KHACH HANG'!$E$5:$R$2133,"11",'KHACH HANG'!$Z$7:$Z$8) -> 14 | Q10: =DSUM('KHACH HANG'!$E$5:$R$2133,"12",'KHACH HANG'!$Z$7:$Z$8) -> 44 | R10: =SUM(F10:Q10) -> 240 | T10: Y | U10: 7 | V10: 8 | W10: DSUM('NHAN VIEN'!$E$5:$Q$2133,"1" | X10: ="DSUM('NHAN VIEN'!$E$5:$Q$2133,"&""""&$X$1&"""" -> DSUM('NHAN VIEN'!$E$5:$Q$2133,"2" | Y10: ="DSUM('NHAN VIEN'!$E$5:$Q$2133,"&""""&$Y$1&"""" -> DSUM('NHAN VIEN'!$E$5:$Q$2133,"3" | Z10: ="DSUM('NHAN VIEN'!$E$5:$Q$2133,"&""""&$Z$1&"""" -> DSUM('NHAN VIEN'!$E$5:$Q$2133,"4" | AA10: ="DSUM('NHAN VIEN'!$E$5:$Q$2133,"&""""&$AA$1&"""" -> DSUM('NHAN VIEN'!$E$5:$Q$2133,"5" | AB10: ="DSUM('NHAN VIEN'!$E$5:$Q$2133,"&""""&$AB$1&"""" -> DSUM('NHAN VIEN'!$E$5:$Q$2133,"6" | AC10: ="DSUM('NHAN VIEN'!$E$5:$Q$2133,"&""""&$AC$1&"""" -> DSUM('NHAN VIEN'!$E$5:$Q$2133,"7" | AD10: ="DSUM('NHAN VIEN'!$E$5:$Q$2133,"&""""&$AD$1&"""" -> DSUM('NHAN VIEN'!$E$5:$Q$2133,"8" | AE10: ="DSUM('NHAN VIEN'!$E$5:$Q$2133,"&""""&$AE$1&"""" -> DSUM('NHAN VIEN'!$E$5:$Q$2133,"9" | AF10: ="DSUM('NHAN VIEN'!$E$5:$Q$2133,"&""""&$AF$1&"""" -> DSUM('NHAN VIEN'!$E$5:$Q$2133,"10" | AG10: ="DSUM('NHAN VIEN'!$E$5:$Q$2133,"&""""&$AG$1&"""" -> DSUM('NHAN VIEN'!$E$5:$Q$2133,"11" | AH10: ="DSUM('NHAN VIEN'!$E$5:$Q$2133,"&""""&$AH$1&"""" -> DSUM('NHAN VIEN'!$E$5:$Q$2133,"12" | AI10: =W10&","&AV10&")" -> DSUM('NHAN VIEN'!$E$5:$Q$2133,"1",'NHAN VIEN'!$Y$7:$Y$8) | AJ10: =X10&","&AV10&")" -> DSUM('NHAN VIEN'!$E$5:$Q$2133,"2",'NHAN VIEN'!$Y$7:$Y$8) | AK10: =Y10&","&AV10&")" -> DSUM('NHAN VIEN'!$E$5:$Q$2133,"3",'NHAN VIEN'!$Y$7:$Y$8) | AL10: =Z10&","&AV10&")" -> DSUM('NHAN VIEN'!$E$5:$Q$2133,"4",'NHAN VIEN'!$Y$7:$Y$8) | AM10: =AA10&","&AV10&")" -> DSUM('NHAN VIEN'!$E$5:$Q$2133,"5",'NHAN VIEN'!$Y$7:$Y$8) | AN10: =AB10&","&AV10&")" -> DSUM('NHAN VIEN'!$E$5:$Q$2133,"6",'NHAN VIEN'!$Y$7:$Y$8) | AO10: =AC10&","&AV10&")" -> DSUM('NHAN VIEN'!$E$5:$Q$2133,"7",'NHAN VIEN'!$Y$7:$Y$8) | AP10: =AD10&","&AV10&")" -> DSUM('NHAN VIEN'!$E$5:$Q$2133,"8",'NHAN VIEN'!$Y$7:$Y$8) | AQ10: =AE10&","&AV10&")" -> DSUM('NHAN VIEN'!$E$5:$Q$2133,"9",'NHAN VIEN'!$Y$7:$Y$8) | AR10: =AF10&","&AV10&")" -> DSUM('NHAN VIEN'!$E$5:$Q$2133,"10",'NHAN VIEN'!$Y$7:$Y$8) | AS10: =AG10&","&AV10&")" -> DSUM('NHAN VIEN'!$E$5:$Q$2133,"11",'NHAN VIEN'!$Y$7:$Y$8) | AT10: =AH10&","&AV10&")" -> DSUM('NHAN VIEN'!$E$5:$Q$2133,"12",'NHAN VIEN'!$Y$7:$Y$8) | AV10: ="'NHAN VIEN'!$"&T10&"$"&U10&":$"&T10&"$"&V10 -> 'NHAN VIEN'!$Y$7:$Y$8 | AY10: ="="&AI10 -> =DSUM('NHAN VIEN'!$E$5:$Q$2133,"1",'NHAN VIEN'!$Y$7:$Y$8) | AZ10: ="="&AJ10 -> =DSUM('NHAN VIEN'!$E$5:$Q$2133,"2",'NHAN VIEN'!$Y$7:$Y$8) | BA10: ="="&AK10 -> =DSUM('NHAN VIEN'!$E$5:$Q$2133,"3",'NHAN VIEN'!$Y$7:$Y$8) | BB10: ="="&AL10 -> =DSUM('NHAN VIEN'!$E$5:$Q$2133,"4",'NHAN VIEN'!$Y$7:$Y$8) | BC10: ="="&AM10 -> =DSUM('NHAN VIEN'!$E$5:$Q$2133,"5",'NHAN VIEN'!$Y$7:$Y$8) | BD10: ="="&AN10 -> =DSUM('NHAN VIEN'!$E$5:$Q$2133,"6",'NHAN VIEN'!$Y$7:$Y$8) | BE10: ="="&AO10 -> =DSUM('NHAN VIEN'!$E$5:$Q$2133,"7",'NHAN VIEN'!$Y$7:$Y$8) | BF10: ="="&AP10 -> =DSUM('NHAN VIEN'!$E$5:$Q$2133,"8",'NHAN VIEN'!$Y$7:$Y$8) | ... BJ10: ="="&AT10 -> =DSUM('NHAN VIEN'!$E$5:$Q$2133,"12",'NHAN VIEN'!$Y$7:$Y$8) | BR10: =R10-'KHACH HANG'!S13 -> 217
B11: =B10+1 -> 9 | C11: =VLOOKUP(B11,DMSP!$A$1:$C$39,2,0) -> 4.DƯỠNG RỄ | D11: =VLOOKUP(B11,DMSP!$A$1:$C$39,3,0) -> CHITOSAN | E11: =R11 -> 0 | F11: =DSUM('KHACH HANG'!$E$5:$R$2133,"1",'KHACH HANG'!$AA$7:$AA$8) -> 0 | G11: =DSUM('KHACH HANG'!$E$5:$R$2133,"2",'KHACH HANG'!$AA$7:$AA$8) -> 0 | H11: =DSUM('KHACH HANG'!$E$5:$R$2133,"3",'KHACH HANG'!$AA$7:$AA$8) -> 0 | I11: =DSUM('KHACH HANG'!$E$5:$R$2133,"4",'KHACH HANG'!$AA$7:$AA$8) -> 0 | J11: =DSUM('KHACH HANG'!$E$5:$R$2133,"5",'KHACH HANG'!$AA$7:$AA$8) -> 0 | K11: =DSUM('KHACH HANG'!$E$5:$R$2133,"6",'KHACH HANG'!$AA$7:$AA$8) -> 0 | L11: =DSUM('KHACH HANG'!$E$5:$R$2133,"7",'KHACH HANG'!$AA$7:$AA$8) -> 0 | M11: =DSUM('KHACH HANG'!$E$5:$R$2133,"8",'KHACH HANG'!$AA$7:$AA$8) -> 0 | N11: =DSUM('KHACH HANG'!$E$5:$R$2133,"9",'KHACH HANG'!$AA$7:$AA$8) -> 0 | O11: =DSUM('KHACH HANG'!$E$5:$R$2133,"10",'KHACH HANG'!$AA$7:$AA$8) -> 0 | P11: =DSUM('KHACH HANG'!$E$5:$R$2133,"11",'KHACH HANG'!$AA$7:$AA$8) -> 0 | Q11: =DSUM('KHACH HANG'!$E$5:$R$2133,"12",'KHACH HANG'!$AA$7:$AA$8) -> 0 | R11: =SUM(F11:Q11) -> 0 | T11: Z | U11: 7 | V11: 8 | W11: DSUM('NHAN VIEN'!$E$5:$Q$2133,"1" | X11: ="DSUM('NHAN VIEN'!$E$5:$Q$2133,"&""""&$X$1&"""" -> DSUM('NHAN VIEN'!$E$5:$Q$2133,"2" | Y11: ="DSUM('NHAN VIEN'!$E$5:$Q$2133,"&""""&$Y$1&"""" -> DSUM('NHAN VIEN'!$E$5:$Q$2133,"3" | Z11: ="DSUM('NHAN VIEN'!$E$5:$Q$2133,"&""""&$Z$1&"""" -> DSUM('NHAN VIEN'!$E$5:$Q$2133,"4" | AA11: ="DSUM('NHAN VIEN'!$E$5:$Q$2133,"&""""&$AA$1&"""" -> DSUM('NHAN VIEN'!$E$5:$Q$2133,"5" | AB11: ="DSUM('NHAN VIEN'!$E$5:$Q$2133,"&""""&$AB$1&"""" -> DSUM('NHAN VIEN'!$E$5:$Q$2133,"6" | AC11: ="DSUM('NHAN VIEN'!$E$5:$Q$2133,"&""""&$AC$1&"""" -> DSUM('NHAN VIEN'!$E$5:$Q$2133,"7" | AD11: ="DSUM('NHAN VIEN'!$E$5:$Q$2133,"&""""&$AD$1&"""" -> DSUM('NHAN VIEN'!$E$5:$Q$2133,"8" | AE11: ="DSUM('NHAN VIEN'!$E$5:$Q$2133,"&""""&$AE$1&"""" -> DSUM('NHAN VIEN'!$E$5:$Q$2133,"9" | AF11: ="DSUM('NHAN VIEN'!$E$5:$Q$2133,"&""""&$AF$1&"""" -> DSUM('NHAN VIEN'!$E$5:$Q$2133,"10" | AG11: ="DSUM('NHAN VIEN'!$E$5:$Q$2133,"&""""&$AG$1&"""" -> DSUM('NHAN VIEN'!$E$5:$Q$2133,"11" | AH11: ="DSUM('NHAN VIEN'!$E$5:$Q$2133,"&""""&$AH$1&"""" -> DSUM('NHAN VIEN'!$E$5:$Q$2133,"12" | AI11: =W11&","&AV11&")" -> DSUM('NHAN VIEN'!$E$5:$Q$2133,"1",'NHAN VIEN'!$Z$7:$Z$8) | AJ11: =X11&","&AV11&")" -> DSUM('NHAN VIEN'!$E$5:$Q$2133,"2",'NHAN VIEN'!$Z$7:$Z$8) | AK11: =Y11&","&AV11&")" -> DSUM('NHAN VIEN'!$E$5:$Q$2133,"3",'NHAN VIEN'!$Z$7:$Z$8) | AL11: =Z11&","&AV11&")" -> DSUM('NHAN VIEN'!$E$5:$Q$2133,"4",'NHAN VIEN'!$Z$7:$Z$8) | AM11: =AA11&","&AV11&")" -> DSUM('NHAN VIEN'!$E$5:$Q$2133,"5",'NHAN VIEN'!$Z$7:$Z$8) | AN11: =AB11&","&AV11&")" -> DSUM('NHAN VIEN'!$E$5:$Q$2133,"6",'NHAN VIEN'!$Z$7:$Z$8) | AO11: =AC11&","&AV11&")" -> DSUM('NHAN VIEN'!$E$5:$Q$2133,"7",'NHAN VIEN'!$Z$7:$Z$8) | AP11: =AD11&","&AV11&")" -> DSUM('NHAN VIEN'!$E$5:$Q$2133,"8",'NHAN VIEN'!$Z$7:$Z$8) | AQ11: =AE11&","&AV11&")" -> DSUM('NHAN VIEN'!$E$5:$Q$2133,"9",'NHAN VIEN'!$Z$7:$Z$8) | AR11: =AF11&","&AV11&")" -> DSUM('NHAN VIEN'!$E$5:$Q$2133,"10",'NHAN VIEN'!$Z$7:$Z$8) | AS11: =AG11&","&AV11&")" -> DSUM('NHAN VIEN'!$E$5:$Q$2133,"11",'NHAN VIEN'!$Z$7:$Z$8) | AT11: =AH11&","&AV11&")" -> DSUM('NHAN VIEN'!$E$5:$Q$2133,"12",'NHAN VIEN'!$Z$7:$Z$8) | AV11: ="'NHAN VIEN'!$"&T11&"$"&U11&":$"&T11&"$"&V11 -> 'NHAN VIEN'!$Z$7:$Z$8 | AY11: ="="&AI11 -> =DSUM('NHAN VIEN'!$E$5:$Q$2133,"1",'NHAN VIEN'!$Z$7:$Z$8) | AZ11: ="="&AJ11 -> =DSUM('NHAN VIEN'!$E$5:$Q$2133,"2",'NHAN VIEN'!$Z$7:$Z$8) | BA11: ="="&AK11 -> =DSUM('NHAN VIEN'!$E$5:$Q$2133,"3",'NHAN VIEN'!$Z$7:$Z$8) | BB11: ="="&AL11 -> =DSUM('NHAN VIEN'!$E$5:$Q$2133,"4",'NHAN VIEN'!$Z$7:$Z$8) | BC11: ="="&AM11 -> =DSUM('NHAN VIEN'!$E$5:$Q$2133,"5",'NHAN VIEN'!$Z$7:$Z$8) | BD11: ="="&AN11 -> =DSUM('NHAN VIEN'!$E$5:$Q$2133,"6",'NHAN VIEN'!$Z$7:$Z$8) | BE11: ="="&AO11 -> =DSUM('NHAN VIEN'!$E$5:$Q$2133,"7",'NHAN VIEN'!$Z$7:$Z$8) | BF11: ="="&AP11 -> =DSUM('NHAN VIEN'!$E$5:$Q$2133,"8",'NHAN VIEN'!$Z$7:$Z$8) | ... BJ11: ="="&AT11 -> =DSUM('NHAN VIEN'!$E$5:$Q$2133,"12",'NHAN VIEN'!$Z$7:$Z$8) | BR11: =R11-'KHACH HANG'!S14 -> 0
B12: =B11+1 -> 10 | C12: =VLOOKUP(B12,DMSP!$A$1:$C$39,2,0) -> 4.DƯỠNG RỄ | D12: =VLOOKUP(B12,DMSP!$A$1:$C$39,3,0) -> ĐẠM CÁ | E12: =R12 -> 0 | F12: =DSUM('KHACH HANG'!$E$5:$R$2133,"1",'KHACH HANG'!$AB$7:$AB$8) -> 0 | G12: =DSUM('KHACH HANG'!$E$5:$R$2133,"2",'KHACH HANG'!$AB$7:$AB$8) -> 0 | H12: =DSUM('KHACH HANG'!$E$5:$R$2133,"3",'KHACH HANG'!$AB$7:$AB$8) -> 0 | I12: =DSUM('KHACH HANG'!$E$5:$R$2133,"4",'KHACH HANG'!$AB$7:$AB$8) -> 0 | J12: =DSUM('KHACH HANG'!$E$5:$R$2133,"5",'KHACH HANG'!$AB$7:$AB$8) -> 0 | K12: =DSUM('KHACH HANG'!$E$5:$R$2133,"6",'KHACH HANG'!$AB$7:$AB$8) -> 0 | L12: =DSUM('KHACH HANG'!$E$5:$R$2133,"7",'KHACH HANG'!$AB$7:$AB$8) -> 0 | M12: =DSUM('KHACH HANG'!$E$5:$R$2133,"8",'KHACH HANG'!$AB$7:$AB$8) -> 0 | N12: =DSUM('KHACH HANG'!$E$5:$R$2133,"9",'KHACH HANG'!$AB$7:$AB$8) -> 0 | O12: =DSUM('KHACH HANG'!$E$5:$R$2133,"10",'KHACH HANG'!$AB$7:$AB$8) -> 0 | P12: =DSUM('KHACH HANG'!$E$5:$R$2133,"11",'KHACH HANG'!$AB$7:$AB$8) -> 0 | Q12: =DSUM('KHACH HANG'!$E$5:$R$2133,"12",'KHACH HANG'!$AB$7:$AB$8) -> 0 | R12: =SUM(F12:Q12) -> 0 | T12: AA | U12: 7 | V12: 8 | W12: DSUM('NHAN VIEN'!$E$5:$Q$2133,"1" | X12: ="DSUM('NHAN VIEN'!$E$5:$Q$2133,"&""""&$X$1&"""" -> DSUM('NHAN VIEN'!$E$5:$Q$2133,"2" | Y12: ="DSUM('NHAN VIEN'!$E$5:$Q$2133,"&""""&$Y$1&"""" -> DSUM('NHAN VIEN'!$E$5:$Q$2133,"3" | Z12: ="DSUM('NHAN VIEN'!$E$5:$Q$2133,"&""""&$Z$1&"""" -> DSUM('NHAN VIEN'!$E$5:$Q$2133,"4" | AA12: ="DSUM('NHAN VIEN'!$E$5:$Q$2133,"&""""&$AA$1&"""" -> DSUM('NHAN VIEN'!$E$5:$Q$2133,"5" | AB12: ="DSUM('NHAN VIEN'!$E$5:$Q$2133,"&""""&$AB$1&"""" -> DSUM('NHAN VIEN'!$E$5:$Q$2133,"6" | AC12: ="DSUM('NHAN VIEN'!$E$5:$Q$2133,"&""""&$AC$1&"""" -> DSUM('NHAN VIEN'!$E$5:$Q$2133,"7" | AD12: ="DSUM('NHAN VIEN'!$E$5:$Q$2133,"&""""&$AD$1&"""" -> DSUM('NHAN VIEN'!$E$5:$Q$2133,"8" | AE12: ="DSUM('NHAN VIEN'!$E$5:$Q$2133,"&""""&$AE$1&"""" -> DSUM('NHAN VIEN'!$E$5:$Q$2133,"9" | AF12: ="DSUM('NHAN VIEN'!$E$5:$Q$2133,"&""""&$AF$1&"""" -> DSUM('NHAN VIEN'!$E$5:$Q$2133,"10" | AG12: ="DSUM('NHAN VIEN'!$E$5:$Q$2133,"&""""&$AG$1&"""" -> DSUM('NHAN VIEN'!$E$5:$Q$2133,"11" | AH12: ="DSUM('NHAN VIEN'!$E$5:$Q$2133,"&""""&$AH$1&"""" -> DSUM('NHAN VIEN'!$E$5:$Q$2133,"12" | AI12: =W12&","&AV12&")" -> DSUM('NHAN VIEN'!$E$5:$Q$2133,"1",'NHAN VIEN'!$AA$7:$AA$8) | AJ12: =X12&","&AV12&")" -> DSUM('NHAN VIEN'!$E$5:$Q$2133,"2",'NHAN VIEN'!$AA$7:$AA$8) | AK12: =Y12&","&AV12&")" -> DSUM('NHAN VIEN'!$E$5:$Q$2133,"3",'NHAN VIEN'!$AA$7:$AA$8) | AL12: =Z12&","&AV12&")" -> DSUM('NHAN VIEN'!$E$5:$Q$2133,"4",'NHAN VIEN'!$AA$7:$AA$8) | AM12: =AA12&","&AV12&")" -> DSUM('NHAN VIEN'!$E$5:$Q$2133,"5",'NHAN VIEN'!$AA$7:$AA$8) | AN12: =AB12&","&AV12&")" -> DSUM('NHAN VIEN'!$E$5:$Q$2133,"6",'NHAN VIEN'!$AA$7:$AA$8) | AO12: =AC12&","&AV12&")" -> DSUM('NHAN VIEN'!$E$5:$Q$2133,"7",'NHAN VIEN'!$AA$7:$AA$8) | AP12: =AD12&","&AV12&")" -> DSUM('NHAN VIEN'!$E$5:$Q$2133,"8",'NHAN VIEN'!$AA$7:$AA$8) | AQ12: =AE12&","&AV12&")" -> DSUM('NHAN VIEN'!$E$5:$Q$2133,"9",'NHAN VIEN'!$AA$7:$AA$8) | AR12: =AF12&","&AV12&")" -> DSUM('NHAN VIEN'!$E$5:$Q$2133,"10",'NHAN VIEN'!$AA$7:$AA$8) | AS12: =AG12&","&AV12&")" -> DSUM('NHAN VIEN'!$E$5:$Q$2133,"11",'NHAN VIEN'!$AA$7:$AA$8) | AT12: =AH12&","&AV12&")" -> DSUM('NHAN VIEN'!$E$5:$Q$2133,"12",'NHAN VIEN'!$AA$7:$AA$8) | AV12: ="'NHAN VIEN'!$"&T12&"$"&U12&":$"&T12&"$"&V12 -> 'NHAN VIEN'!$AA$7:$AA$8 | AY12: ="="&AI12 -> =DSUM('NHAN VIEN'!$E$5:$Q$2133,"1",'NHAN VIEN'!$AA$7:$AA$8) | AZ12: ="="&AJ12 -> =DSUM('NHAN VIEN'!$E$5:$Q$2133,"2",'NHAN VIEN'!$AA$7:$AA$8) | BA12: ="="&AK12 -> =DSUM('NHAN VIEN'!$E$5:$Q$2133,"3",'NHAN VIEN'!$AA$7:$AA$8) | BB12: ="="&AL12 -> =DSUM('NHAN VIEN'!$E$5:$Q$2133,"4",'NHAN VIEN'!$AA$7:$AA$8) | BC12: ="="&AM12 -> =DSUM('NHAN VIEN'!$E$5:$Q$2133,"5",'NHAN VIEN'!$AA$7:$AA$8) | BD12: ="="&AN12 -> =DSUM('NHAN VIEN'!$E$5:$Q$2133,"6",'NHAN VIEN'!$AA$7:$AA$8) | BE12: ="="&AO12 -> =DSUM('NHAN VIEN'!$E$5:$Q$2133,"7",'NHAN VIEN'!$AA$7:$AA$8) | BF12: ="="&AP12 -> =DSUM('NHAN VIEN'!$E$5:$Q$2133,"8",'NHAN VIEN'!$AA$7:$AA$8) | ... BJ12: ="="&AT12 -> =DSUM('NHAN VIEN'!$E$5:$Q$2133,"12",'NHAN VIEN'!$AA$7:$AA$8) | BR12: =R12-'KHACH HANG'!S15 -> 0
B13: =B12+1 -> 11 | C13: =VLOOKUP(B13,DMSP!$A$1:$C$39,2,0) -> 4.DƯỠNG RỄ | D13: =VLOOKUP(B13,DMSP!$A$1:$C$39,3,0) -> ĐẠM TÔM | E13: =R13 -> 0 | F13: =DSUM('KHACH HANG'!$E$5:$R$2133,"1",'KHACH HANG'!$AC$7:$AC$8) -> 0 | G13: =DSUM('KHACH HANG'!$E$5:$R$2133,"2",'KHACH HANG'!$AC$7:$AC$8) -> 0 | H13: =DSUM('KHACH HANG'!$E$5:$R$2133,"3",'KHACH HANG'!$AC$7:$AC$8) -> 0 | I13: =DSUM('KHACH HANG'!$E$5:$R$2133,"4",'KHACH HANG'!$AC$7:$AC$8) -> 0 | J13: =DSUM('KHACH HANG'!$E$5:$R$2133,"5",'KHACH HANG'!$AC$7:$AC$8) -> 0 | K13: =DSUM('KHACH HANG'!$E$5:$R$2133,"6",'KHACH HANG'!$AC$7:$AC$8) -> 0 | L13: =DSUM('KHACH HANG'!$E$5:$R$2133,"7",'KHACH HANG'!$AC$7:$AC$8) -> 0 | M13: =DSUM('KHACH HANG'!$E$5:$R$2133,"8",'KHACH HANG'!$AC$7:$AC$8) -> 0 | N13: =DSUM('KHACH HANG'!$E$5:$R$2133,"9",'KHACH HANG'!$AC$7:$AC$8) -> 0 | O13: =DSUM('KHACH HANG'!$E$5:$R$2133,"10",'KHACH HANG'!$AC$7:$AC$8) -> 0 | P13: =DSUM('KHACH HANG'!$E$5:$R$2133,"11",'KHACH HANG'!$AC$7:$AC$8) -> 0 | Q13: =DSUM('KHACH HANG'!$E$5:$R$2133,"12",'KHACH HANG'!$AC$7:$AC$8) -> 0 | R13: =SUM(F13:Q13) -> 0 | T13: AB | U13: 7 | V13: 8 | W13: DSUM('NHAN VIEN'!$E$5:$Q$2133,"1" | X13: ="DSUM('NHAN VIEN'!$E$5:$Q$2133,"&""""&$X$1&"""" -> DSUM('NHAN VIEN'!$E$5:$Q$2133,"2" | Y13: ="DSUM('NHAN VIEN'!$E$5:$Q$2133,"&""""&$Y$1&"""" -> DSUM('NHAN VIEN'!$E$5:$Q$2133,"3" | Z13: ="DSUM('NHAN VIEN'!$E$5:$Q$2133,"&""""&$Z$1&"""" -> DSUM('NHAN VIEN'!$E$5:$Q$2133,"4" | AA13: ="DSUM('NHAN VIEN'!$E$5:$Q$2133,"&""""&$AA$1&"""" -> DSUM('NHAN VIEN'!$E$5:$Q$2133,"5" | AB13: ="DSUM('NHAN VIEN'!$E$5:$Q$2133,"&""""&$AB$1&"""" -> DSUM('NHAN VIEN'!$E$5:$Q$2133,"6" | AC13: ="DSUM('NHAN VIEN'!$E$5:$Q$2133,"&""""&$AC$1&"""" -> DSUM('NHAN VIEN'!$E$5:$Q$2133,"7" | AD13: ="DSUM('NHAN VIEN'!$E$5:$Q$2133,"&""""&$AD$1&"""" -> DSUM('NHAN VIEN'!$E$5:$Q$2133,"8" | AE13: ="DSUM('NHAN VIEN'!$E$5:$Q$2133,"&""""&$AE$1&"""" -> DSUM('NHAN VIEN'!$E$5:$Q$2133,"9" | AF13: ="DSUM('NHAN VIEN'!$E$5:$Q$2133,"&""""&$AF$1&"""" -> DSUM('NHAN VIEN'!$E$5:$Q$2133,"10" | AG13: ="DSUM('NHAN VIEN'!$E$5:$Q$2133,"&""""&$AG$1&"""" -> DSUM('NHAN VIEN'!$E$5:$Q$2133,"11" | AH13: ="DSUM('NHAN VIEN'!$E$5:$Q$2133,"&""""&$AH$1&"""" -> DSUM('NHAN VIEN'!$E$5:$Q$2133,"12" | AI13: =W13&","&AV13&")" -> DSUM('NHAN VIEN'!$E$5:$Q$2133,"1",'NHAN VIEN'!$AB$7:$AB$8) | AJ13: =X13&","&AV13&")" -> DSUM('NHAN VIEN'!$E$5:$Q$2133,"2",'NHAN VIEN'!$AB$7:$AB$8) | AK13: =Y13&","&AV13&")" -> DSUM('NHAN VIEN'!$E$5:$Q$2133,"3",'NHAN VIEN'!$AB$7:$AB$8) | AL13: =Z13&","&AV13&")" -> DSUM('NHAN VIEN'!$E$5:$Q$2133,"4",'NHAN VIEN'!$AB$7:$AB$8) | AM13: =AA13&","&AV13&")" -> DSUM('NHAN VIEN'!$E$5:$Q$2133,"5",'NHAN VIEN'!$AB$7:$AB$8) | AN13: =AB13&","&AV13&")" -> DSUM('NHAN VIEN'!$E$5:$Q$2133,"6",'NHAN VIEN'!$AB$7:$AB$8) | AO13: =AC13&","&AV13&")" -> DSUM('NHAN VIEN'!$E$5:$Q$2133,"7",'NHAN VIEN'!$AB$7:$AB$8) | AP13: =AD13&","&AV13&")" -> DSUM('NHAN VIEN'!$E$5:$Q$2133,"8",'NHAN VIEN'!$AB$7:$AB$8) | AQ13: =AE13&","&AV13&")" -> DSUM('NHAN VIEN'!$E$5:$Q$2133,"9",'NHAN VIEN'!$AB$7:$AB$8) | AR13: =AF13&","&AV13&")" -> DSUM('NHAN VIEN'!$E$5:$Q$2133,"10",'NHAN VIEN'!$AB$7:$AB$8) | AS13: =AG13&","&AV13&")" -> DSUM('NHAN VIEN'!$E$5:$Q$2133,"11",'NHAN VIEN'!$AB$7:$AB$8) | AT13: =AH13&","&AV13&")" -> DSUM('NHAN VIEN'!$E$5:$Q$2133,"12",'NHAN VIEN'!$AB$7:$AB$8) | AV13: ="'NHAN VIEN'!$"&T13&"$"&U13&":$"&T13&"$"&V13 -> 'NHAN VIEN'!$AB$7:$AB$8 | AY13: ="="&AI13 -> =DSUM('NHAN VIEN'!$E$5:$Q$2133,"1",'NHAN VIEN'!$AB$7:$AB$8) | AZ13: ="="&AJ13 -> =DSUM('NHAN VIEN'!$E$5:$Q$2133,"2",'NHAN VIEN'!$AB$7:$AB$8) | BA13: ="="&AK13 -> =DSUM('NHAN VIEN'!$E$5:$Q$2133,"3",'NHAN VIEN'!$AB$7:$AB$8) | BB13: ="="&AL13 -> =DSUM('NHAN VIEN'!$E$5:$Q$2133,"4",'NHAN VIEN'!$AB$7:$AB$8) | BC13: ="="&AM13 -> =DSUM('NHAN VIEN'!$E$5:$Q$2133,"5",'NHAN VIEN'!$AB$7:$AB$8) | BD13: ="="&AN13 -> =DSUM('NHAN VIEN'!$E$5:$Q$2133,"6",'NHAN VIEN'!$AB$7:$AB$8) | BE13: ="="&AO13 -> =DSUM('NHAN VIEN'!$E$5:$Q$2133,"7",'NHAN VIEN'!$AB$7:$AB$8) | BF13: ="="&AP13 -> =DSUM('NHAN VIEN'!$E$5:$Q$2133,"8",'NHAN VIEN'!$AB$7:$AB$8) | ... BJ13: ="="&AT13 -> =DSUM('NHAN VIEN'!$E$5:$Q$2133,"12",'NHAN VIEN'!$AB$7:$AB$8) | BR13: =R13-'KHACH HANG'!S16 -> 0
B14: =B13+1 -> 12 | C14: =VLOOKUP(B14,DMSP!$A$1:$C$39,2,0) -> 4.DƯỠNG RỄ | D14: =VLOOKUP(B14,DMSP!$A$1:$C$39,3,0) -> SUPERMIC | E14: =R14 -> 212 | F14: =DSUM('KHACH HANG'!$E$5:$R$2133,"1",'KHACH HANG'!$AD$7:$AD$8) -> 11 | G14: =DSUM('KHACH HANG'!$E$5:$R$2133,"2",'KHACH HANG'!$AD$7:$AD$8) -> 70 | H14: =DSUM('KHACH HANG'!$E$5:$R$2133,"3",'KHACH HANG'!$AD$7:$AD$8) -> 35 | I14: =DSUM('KHACH HANG'!$E$5:$R$2133,"4",'KHACH HANG'!$AD$7:$AD$8) -> 52 | J14: =DSUM('KHACH HANG'!$E$5:$R$2133,"5",'KHACH HANG'!$AD$7:$AD$8) -> 0 | K14: =DSUM('KHACH HANG'!$E$5:$R$2133,"6",'KHACH HANG'!$AD$7:$AD$8) -> 18 | L14: =DSUM('KHACH HANG'!$E$5:$R$2133,"7",'KHACH HANG'!$AD$7:$AD$8) -> 0 | M14: =DSUM('KHACH HANG'!$E$5:$R$2133,"8",'KHACH HANG'!$AD$7:$AD$8) -> 0 | N14: =DSUM('KHACH HANG'!$E$5:$R$2133,"9",'KHACH HANG'!$AD$7:$AD$8) -> 0 | O14: =DSUM('KHACH HANG'!$E$5:$R$2133,"10",'KHACH HANG'!$AD$7:$AD$8) -> 0 | P14: =DSUM('KHACH HANG'!$E$5:$R$2133,"11",'KHACH HANG'!$AD$7:$AD$8) -> 26 | Q14: =DSUM('KHACH HANG'!$E$5:$R$2133,"12",'KHACH HANG'!$AD$7:$AD$8) -> 0 | R14: =SUM(F14:Q14) -> 212 | T14: AC | U14: 7 | V14: 8 | W14: DSUM('NHAN VIEN'!$E$5:$Q$2133,"1" | X14: ="DSUM('NHAN VIEN'!$E$5:$Q$2133,"&""""&$X$1&"""" -> DSUM('NHAN VIEN'!$E$5:$Q$2133,"2" | Y14: ="DSUM('NHAN VIEN'!$E$5:$Q$2133,"&""""&$Y$1&"""" -> DSUM('NHAN VIEN'!$E$5:$Q$2133,"3" | Z14: ="DSUM('NHAN VIEN'!$E$5:$Q$2133,"&""""&$Z$1&"""" -> DSUM('NHAN VIEN'!$E$5:$Q$2133,"4" | AA14: ="DSUM('NHAN VIEN'!$E$5:$Q$2133,"&""""&$AA$1&"""" -> DSUM('NHAN VIEN'!$E$5:$Q$2133,"5" | AB14: ="DSUM('NHAN VIEN'!$E$5:$Q$2133,"&""""&$AB$1&"""" -> DSUM('NHAN VIEN'!$E$5:$Q$2133,"6" | AC14: ="DSUM('NHAN VIEN'!$E$5:$Q$2133,"&""""&$AC$1&"""" -> DSUM('NHAN VIEN'!$E$5:$Q$2133,"7" | AD14: ="DSUM('NHAN VIEN'!$E$5:$Q$2133,"&""""&$AD$1&"""" -> DSUM('NHAN VIEN'!$E$5:$Q$2133,"8" | AE14: ="DSUM('NHAN VIEN'!$E$5:$Q$2133,"&""""&$AE$1&"""" -> DSUM('NHAN VIEN'!$E$5:$Q$2133,"9" | AF14: ="DSUM('NHAN VIEN'!$E$5:$Q$2133,"&""""&$AF$1&"""" -> DSUM('NHAN VIEN'!$E$5:$Q$2133,"10" | AG14: ="DSUM('NHAN VIEN'!$E$5:$Q$2133,"&""""&$AG$1&"""" -> DSUM('NHAN VIEN'!$E$5:$Q$2133,"11" | AH14: ="DSUM('NHAN VIEN'!$E$5:$Q$2133,"&""""&$AH$1&"""" -> DSUM('NHAN VIEN'!$E$5:$Q$2133,"12" | AI14: =W14&","&AV14&")" -> DSUM('NHAN VIEN'!$E$5:$Q$2133,"1",'NHAN VIEN'!$AC$7:$AC$8) | AJ14: =X14&","&AV14&")" -> DSUM('NHAN VIEN'!$E$5:$Q$2133,"2",'NHAN VIEN'!$AC$7:$AC$8) | AK14: =Y14&","&AV14&")" -> DSUM('NHAN VIEN'!$E$5:$Q$2133,"3",'NHAN VIEN'!$AC$7:$AC$8) | AL14: =Z14&","&AV14&")" -> DSUM('NHAN VIEN'!$E$5:$Q$2133,"4",'NHAN VIEN'!$AC$7:$AC$8) | AM14: =AA14&","&AV14&")" -> DSUM('NHAN VIEN'!$E$5:$Q$2133,"5",'NHAN VIEN'!$AC$7:$AC$8) | AN14: =AB14&","&AV14&")" -> DSUM('NHAN VIEN'!$E$5:$Q$2133,"6",'NHAN VIEN'!$AC$7:$AC$8) | AO14: =AC14&","&AV14&")" -> DSUM('NHAN VIEN'!$E$5:$Q$2133,"7",'NHAN VIEN'!$AC$7:$AC$8) | AP14: =AD14&","&AV14&")" -> DSUM('NHAN VIEN'!$E$5:$Q$2133,"8",'NHAN VIEN'!$AC$7:$AC$8) | AQ14: =AE14&","&AV14&")" -> DSUM('NHAN VIEN'!$E$5:$Q$2133,"9",'NHAN VIEN'!$AC$7:$AC$8) | AR14: =AF14&","&AV14&")" -> DSUM('NHAN VIEN'!$E$5:$Q$2133,"10",'NHAN VIEN'!$AC$7:$AC$8) | AS14: =AG14&","&AV14&")" -> DSUM('NHAN VIEN'!$E$5:$Q$2133,"11",'NHAN VIEN'!$AC$7:$AC$8) | AT14: =AH14&","&AV14&")" -> DSUM('NHAN VIEN'!$E$5:$Q$2133,"12",'NHAN VIEN'!$AC$7:$AC$8) | AV14: ="'NHAN VIEN'!$"&T14&"$"&U14&":$"&T14&"$"&V14 -> 'NHAN VIEN'!$AC$7:$AC$8 | AY14: ="="&AI14 -> =DSUM('NHAN VIEN'!$E$5:$Q$2133,"1",'NHAN VIEN'!$AC$7:$AC$8) | AZ14: ="="&AJ14 -> =DSUM('NHAN VIEN'!$E$5:$Q$2133,"2",'NHAN VIEN'!$AC$7:$AC$8) | BA14: ="="&AK14 -> =DSUM('NHAN VIEN'!$E$5:$Q$2133,"3",'NHAN VIEN'!$AC$7:$AC$8) | BB14: ="="&AL14 -> =DSUM('NHAN VIEN'!$E$5:$Q$2133,"4",'NHAN VIEN'!$AC$7:$AC$8) | BC14: ="="&AM14 -> =DSUM('NHAN VIEN'!$E$5:$Q$2133,"5",'NHAN VIEN'!$AC$7:$AC$8) | BD14: ="="&AN14 -> =DSUM('NHAN VIEN'!$E$5:$Q$2133,"6",'NHAN VIEN'!$AC$7:$AC$8) | BE14: ="="&AO14 -> =DSUM('NHAN VIEN'!$E$5:$Q$2133,"7",'NHAN VIEN'!$AC$7:$AC$8) | BF14: ="="&AP14 -> =DSUM('NHAN VIEN'!$E$5:$Q$2133,"8",'NHAN VIEN'!$AC$7:$AC$8) | ... BJ14: ="="&AT14 -> =DSUM('NHAN VIEN'!$E$5:$Q$2133,"12",'NHAN VIEN'!$AC$7:$AC$8) | BR14: =R14-'KHACH HANG'!S17 -> 124
B15: =B14+1 -> 13 | C15: =VLOOKUP(B15,DMSP!$A$1:$C$39,2,0) -> 5.TRUYỀN THỐNG | D15: =VLOOKUP(B15,DMSP!$A$1:$C$39,3,0) -> CABO | E15: =R15 -> 540 | F15: =DSUM('KHACH HANG'!$E$5:$R$2133,"1",'KHACH HANG'!$Y$9:$Y$10) -> 90 | G15: =DSUM('KHACH HANG'!$E$5:$R$2133,"2",'KHACH HANG'!$Y$9:$Y$10) -> 0 | H15: =DSUM('KHACH HANG'!$E$5:$R$2133,"3",'KHACH HANG'!$Y$9:$Y$10) -> 150 | I15: =DSUM('KHACH HANG'!$E$5:$R$2133,"4",'KHACH HANG'!$Y$9:$Y$10) -> 0 | J15: =DSUM('KHACH HANG'!$E$5:$R$2133,"5",'KHACH HANG'!$Y$9:$Y$10) -> 0 | K15: =DSUM('KHACH HANG'!$E$5:$R$2133,"6",'KHACH HANG'!$Y$9:$Y$10) -> 60 | L15: =DSUM('KHACH HANG'!$E$5:$R$2133,"7",'KHACH HANG'!$Y$9:$Y$10) -> 0 | M15: =DSUM('KHACH HANG'!$E$5:$R$2133,"8",'KHACH HANG'!$Y$9:$Y$10) -> 30 | N15: =DSUM('KHACH HANG'!$E$5:$R$2133,"9",'KHACH HANG'!$Y$9:$Y$10) -> 0 | O15: =DSUM('KHACH HANG'!$E$5:$R$2133,"10",'KHACH HANG'!$Y$9:$Y$10) -> 120 | P15: =DSUM('KHACH HANG'!$E$5:$R$2133,"11",'KHACH HANG'!$Y$9:$Y$10) -> 90 | Q15: =DSUM('KHACH HANG'!$E$5:$R$2133,"12",'KHACH HANG'!$Y$9:$Y$10) -> 0 | R15: =SUM(F15:Q15) -> 540 | T15: X | U15: 9 | V15: 10 | W15: DSUM('NHAN VIEN'!$E$5:$Q$2133,"1" | X15: ="DSUM('NHAN VIEN'!$E$5:$Q$2133,"&""""&$X$1&"""" -> DSUM('NHAN VIEN'!$E$5:$Q$2133,"2" | Y15: ="DSUM('NHAN VIEN'!$E$5:$Q$2133,"&""""&$Y$1&"""" -> DSUM('NHAN VIEN'!$E$5:$Q$2133,"3" | Z15: ="DSUM('NHAN VIEN'!$E$5:$Q$2133,"&""""&$Z$1&"""" -> DSUM('NHAN VIEN'!$E$5:$Q$2133,"4" | AA15: ="DSUM('NHAN VIEN'!$E$5:$Q$2133,"&""""&$AA$1&"""" -> DSUM('NHAN VIEN'!$E$5:$Q$2133,"5" | AB15: ="DSUM('NHAN VIEN'!$E$5:$Q$2133,"&""""&$AB$1&"""" -> DSUM('NHAN VIEN'!$E$5:$Q$2133,"6" | AC15: ="DSUM('NHAN VIEN'!$E$5:$Q$2133,"&""""&$AC$1&"""" -> DSUM('NHAN VIEN'!$E$5:$Q$2133,"7" | AD15: ="DSUM('NHAN VIEN'!$E$5:$Q$2133,"&""""&$AD$1&"""" -> DSUM('NHAN VIEN'!$E$5:$Q$2133,"8" | AE15: ="DSUM('NHAN VIEN'!$E$5:$Q$2133,"&""""&$AE$1&"""" -> DSUM('NHAN VIEN'!$E$5:$Q$2133,"9" | AF15: ="DSUM('NHAN VIEN'!$E$5:$Q$2133,"&""""&$AF$1&"""" -> DSUM('NHAN VIEN'!$E$5:$Q$2133,"10" | AG15: ="DSUM('NHAN VIEN'!$E$5:$Q$2133,"&""""&$AG$1&"""" -> DSUM('NHAN VIEN'!$E$5:$Q$2133,"11" | AH15: ="DSUM('NHAN VIEN'!$E$5:$Q$2133,"&""""&$AH$1&"""" -> DSUM('NHAN VIEN'!$E$5:$Q$2133,"12" | AI15: =W15&","&AV15&")" -> DSUM('NHAN VIEN'!$E$5:$Q$2133,"1",'NHAN VIEN'!$X$9:$X$10) | AJ15: =X15&","&AV15&")" -> DSUM('NHAN VIEN'!$E$5:$Q$2133,"2",'NHAN VIEN'!$X$9:$X$10) | AK15: =Y15&","&AV15&")" -> DSUM('NHAN VIEN'!$E$5:$Q$2133,"3",'NHAN VIEN'!$X$9:$X$10) | AL15: =Z15&","&AV15&")" -> DSUM('NHAN VIEN'!$E$5:$Q$2133,"4",'NHAN VIEN'!$X$9:$X$10) | AM15: =AA15&","&AV15&")" -> DSUM('NHAN VIEN'!$E$5:$Q$2133,"5",'NHAN VIEN'!$X$9:$X$10) | AN15: =AB15&","&AV15&")" -> DSUM('NHAN VIEN'!$E$5:$Q$2133,"6",'NHAN VIEN'!$X$9:$X$10) | AO15: =AC15&","&AV15&")" -> DSUM('NHAN VIEN'!$E$5:$Q$2133,"7",'NHAN VIEN'!$X$9:$X$10) | AP15: =AD15&","&AV15&")" -> DSUM('NHAN VIEN'!$E$5:$Q$2133,"8",'NHAN VIEN'!$X$9:$X$10) | AQ15: =AE15&","&AV15&")" -> DSUM('NHAN VIEN'!$E$5:$Q$2133,"9",'NHAN VIEN'!$X$9:$X$10) | AR15: =AF15&","&AV15&")" -> DSUM('NHAN VIEN'!$E$5:$Q$2133,"10",'NHAN VIEN'!$X$9:$X$10) | AS15: =AG15&","&AV15&")" -> DSUM('NHAN VIEN'!$E$5:$Q$2133,"11",'NHAN VIEN'!$X$9:$X$10) | AT15: =AH15&","&AV15&")" -> DSUM('NHAN VIEN'!$E$5:$Q$2133,"12",'NHAN VIEN'!$X$9:$X$10) | AV15: ="'NHAN VIEN'!$"&T15&"$"&U15&":$"&T15&"$"&V15 -> 'NHAN VIEN'!$X$9:$X$10 | AY15: ="="&AI15 -> =DSUM('NHAN VIEN'!$E$5:$Q$2133,"1",'NHAN VIEN'!$X$9:$X$10) | AZ15: ="="&AJ15 -> =DSUM('NHAN VIEN'!$E$5:$Q$2133,"2",'NHAN VIEN'!$X$9:$X$10) | BA15: ="="&AK15 -> =DSUM('NHAN VIEN'!$E$5:$Q$2133,"3",'NHAN VIEN'!$X$9:$X$10) | BB15: ="="&AL15 -> =DSUM('NHAN VIEN'!$E$5:$Q$2133,"4",'NHAN VIEN'!$X$9:$X$10) | BC15: ="="&AM15 -> =DSUM('NHAN VIEN'!$E$5:$Q$2133,"5",'NHAN VIEN'!$X$9:$X$10) | BD15: ="="&AN15 -> =DSUM('NHAN VIEN'!$E$5:$Q$2133,"6",'NHAN VIEN'!$X$9:$X$10) | BE15: ="="&AO15 -> =DSUM('NHAN VIEN'!$E$5:$Q$2133,"7",'NHAN VIEN'!$X$9:$X$10) | BF15: ="="&AP15 -> =DSUM('NHAN VIEN'!$E$5:$Q$2133,"8",'NHAN VIEN'!$X$9:$X$10) | ... BJ15: ="="&AT15 -> =DSUM('NHAN VIEN'!$E$5:$Q$2133,"12",'NHAN VIEN'!$X$9:$X$10) | BR15: =R15-'KHACH HANG'!S18 -> 540
B16: =B15+1 -> 14 | C16: =VLOOKUP(B16,DMSP!$A$1:$C$39,2,0) -> 5.TRUYỀN THỐNG | D16: =VLOOKUP(B16,DMSP!$A$1:$C$39,3,0) -> F94 | E16: =R16 -> 11673 | F16: =DSUM('KHACH HANG'!$E$5:$R$2133,"1",'KHACH HANG'!$Z$9:$Z$10) -> 171 | G16: =DSUM('KHACH HANG'!$E$5:$R$2133,"2",'KHACH HANG'!$Z$9:$Z$10) -> 234 | H16: =DSUM('KHACH HANG'!$E$5:$R$2133,"3",'KHACH HANG'!$Z$9:$Z$10) -> 225 | I16: =DSUM('KHACH HANG'!$E$5:$R$2133,"4",'KHACH HANG'!$Z$9:$Z$10) -> 720 | J16: =DSUM('KHACH HANG'!$E$5:$R$2133,"5",'KHACH HANG'!$Z$9:$Z$10) -> 2365 | K16: =DSUM('KHACH HANG'!$E$5:$R$2133,"6",'KHACH HANG'!$Z$9:$Z$10) -> 797 | L16: =DSUM('KHACH HANG'!$E$5:$R$2133,"7",'KHACH HANG'!$Z$9:$Z$10) -> 1677 | M16: =DSUM('KHACH HANG'!$E$5:$R$2133,"8",'KHACH HANG'!$Z$9:$Z$10) -> 1377 | N16: =DSUM('KHACH HANG'!$E$5:$R$2133,"9",'KHACH HANG'!$Z$9:$Z$10) -> 1152 | O16: =DSUM('KHACH HANG'!$E$5:$R$2133,"10",'KHACH HANG'!$Z$9:$Z$10) -> 1245 | P16: =DSUM('KHACH HANG'!$E$5:$R$2133,"11",'KHACH HANG'!$Z$9:$Z$10) -> 1710 | Q16: =DSUM('KHACH HANG'!$E$5:$R$2133,"12",'KHACH HANG'!$Z$9:$Z$10) -> 0 | R16: =SUM(F16:Q16) -> 11673 | T16: Y | U16: 9 | V16: 10 | W16: DSUM('NHAN VIEN'!$E$5:$Q$2133,"1" | X16: ="DSUM('NHAN VIEN'!$E$5:$Q$2133,"&""""&$X$1&"""" -> DSUM('NHAN VIEN'!$E$5:$Q$2133,"2" | Y16: ="DSUM('NHAN VIEN'!$E$5:$Q$2133,"&""""&$Y$1&"""" -> DSUM('NHAN VIEN'!$E$5:$Q$2133,"3" | Z16: ="DSUM('NHAN VIEN'!$E$5:$Q$2133,"&""""&$Z$1&"""" -> DSUM('NHAN VIEN'!$E$5:$Q$2133,"4" | AA16: ="DSUM('NHAN VIEN'!$E$5:$Q$2133,"&""""&$AA$1&"""" -> DSUM('NHAN VIEN'!$E$5:$Q$2133,"5" | AB16: ="DSUM('NHAN VIEN'!$E$5:$Q$2133,"&""""&$AB$1&"""" -> DSUM('NHAN VIEN'!$E$5:$Q$2133,"6" | AC16: ="DSUM('NHAN VIEN'!$E$5:$Q$2133,"&""""&$AC$1&"""" -> DSUM('NHAN VIEN'!$E$5:$Q$2133,"7" | AD16: ="DSUM('NHAN VIEN'!$E$5:$Q$2133,"&""""&$AD$1&"""" -> DSUM('NHAN VIEN'!$E$5:$Q$2133,"8" | AE16: ="DSUM('NHAN VIEN'!$E$5:$Q$2133,"&""""&$AE$1&"""" -> DSUM('NHAN VIEN'!$E$5:$Q$2133,"9" | AF16: ="DSUM('NHAN VIEN'!$E$5:$Q$2133,"&""""&$AF$1&"""" -> DSUM('NHAN VIEN'!$E$5:$Q$2133,"10" | AG16: ="DSUM('NHAN VIEN'!$E$5:$Q$2133,"&""""&$AG$1&"""" -> DSUM('NHAN VIEN'!$E$5:$Q$2133,"11" | AH16: ="DSUM('NHAN VIEN'!$E$5:$Q$2133,"&""""&$AH$1&"""" -> DSUM('NHAN VIEN'!$E$5:$Q$2133,"12" | AI16: =W16&","&AV16&")" -> DSUM('NHAN VIEN'!$E$5:$Q$2133,"1",'NHAN VIEN'!$Y$9:$Y$10) | AJ16: =X16&","&AV16&")" -> DSUM('NHAN VIEN'!$E$5:$Q$2133,"2",'NHAN VIEN'!$Y$9:$Y$10) | AK16: =Y16&","&AV16&")" -> DSUM('NHAN VIEN'!$E$5:$Q$2133,"3",'NHAN VIEN'!$Y$9:$Y$10) | AL16: =Z16&","&AV16&")" -> DSUM('NHAN VIEN'!$E$5:$Q$2133,"4",'NHAN VIEN'!$Y$9:$Y$10) | AM16: =AA16&","&AV16&")" -> DSUM('NHAN VIEN'!$E$5:$Q$2133,"5",'NHAN VIEN'!$Y$9:$Y$10) | AN16: =AB16&","&AV16&")" -> DSUM('NHAN VIEN'!$E$5:$Q$2133,"6",'NHAN VIEN'!$Y$9:$Y$10) | AO16: =AC16&","&AV16&")" -> DSUM('NHAN VIEN'!$E$5:$Q$2133,"7",'NHAN VIEN'!$Y$9:$Y$10) | AP16: =AD16&","&AV16&")" -> DSUM('NHAN VIEN'!$E$5:$Q$2133,"8",'NHAN VIEN'!$Y$9:$Y$10) | AQ16: =AE16&","&AV16&")" -> DSUM('NHAN VIEN'!$E$5:$Q$2133,"9",'NHAN VIEN'!$Y$9:$Y$10) | AR16: =AF16&","&AV16&")" -> DSUM('NHAN VIEN'!$E$5:$Q$2133,"10",'NHAN VIEN'!$Y$9:$Y$10) | AS16: =AG16&","&AV16&")" -> DSUM('NHAN VIEN'!$E$5:$Q$2133,"11",'NHAN VIEN'!$Y$9:$Y$10) | AT16: =AH16&","&AV16&")" -> DSUM('NHAN VIEN'!$E$5:$Q$2133,"12",'NHAN VIEN'!$Y$9:$Y$10) | AV16: ="'NHAN VIEN'!$"&T16&"$"&U16&":$"&T16&"$"&V16 -> 'NHAN VIEN'!$Y$9:$Y$10 | AY16: ="="&AI16 -> =DSUM('NHAN VIEN'!$E$5:$Q$2133,"1",'NHAN VIEN'!$Y$9:$Y$10) | AZ16: ="="&AJ16 -> =DSUM('NHAN VIEN'!$E$5:$Q$2133,"2",'NHAN VIEN'!$Y$9:$Y$10) | BA16: ="="&AK16 -> =DSUM('NHAN VIEN'!$E$5:$Q$2133,"3",'NHAN VIEN'!$Y$9:$Y$10) | BB16: ="="&AL16 -> =DSUM('NHAN VIEN'!$E$5:$Q$2133,"4",'NHAN VIEN'!$Y$9:$Y$10) | BC16: ="="&AM16 -> =DSUM('NHAN VIEN'!$E$5:$Q$2133,"5",'NHAN VIEN'!$Y$9:$Y$10) | BD16: ="="&AN16 -> =DSUM('NHAN VIEN'!$E$5:$Q$2133,"6",'NHAN VIEN'!$Y$9:$Y$10) | BE16: ="="&AO16 -> =DSUM('NHAN VIEN'!$E$5:$Q$2133,"7",'NHAN VIEN'!$Y$9:$Y$10) | BF16: ="="&AP16 -> =DSUM('NHAN VIEN'!$E$5:$Q$2133,"8",'NHAN VIEN'!$Y$9:$Y$10) | ... BJ16: ="="&AT16 -> =DSUM('NHAN VIEN'!$E$5:$Q$2133,"12",'NHAN VIEN'!$Y$9:$Y$10) | BR16: =R16-'KHACH HANG'!S19 -> 11673
B17: =B16+1 -> 15 | C17: =VLOOKUP(B17,DMSP!$A$1:$C$39,2,0) -> 5.TRUYỀN THỐNG | D17: =VLOOKUP(B17,DMSP!$A$1:$C$39,3,0) -> F95 | E17: =R17 -> 10084 | F17: =DSUM('KHACH HANG'!$E$5:$R$2133,"1",'KHACH HANG'!$AA$9:$AA$10) -> 158 | G17: =DSUM('KHACH HANG'!$E$5:$R$2133,"2",'KHACH HANG'!$AA$9:$AA$10) -> 50 | H17: =DSUM('KHACH HANG'!$E$5:$R$2133,"3",'KHACH HANG'!$AA$9:$AA$10) -> 707 | I17: =DSUM('KHACH HANG'!$E$5:$R$2133,"4",'KHACH HANG'!$AA$9:$AA$10) -> 575 | J17: =DSUM('KHACH HANG'!$E$5:$R$2133,"5",'KHACH HANG'!$AA$9:$AA$10) -> 745 | K17: =DSUM('KHACH HANG'!$E$5:$R$2133,"6",'KHACH HANG'!$AA$9:$AA$10) -> 500 | L17: =DSUM('KHACH HANG'!$E$5:$R$2133,"7",'KHACH HANG'!$AA$9:$AA$10) -> 646 | M17: =DSUM('KHACH HANG'!$E$5:$R$2133,"8",'KHACH HANG'!$AA$9:$AA$10) -> 1584 | N17: =DSUM('KHACH HANG'!$E$5:$R$2133,"9",'KHACH HANG'!$AA$9:$AA$10) -> 1178 | O17: =DSUM('KHACH HANG'!$E$5:$R$2133,"10",'KHACH HANG'!$AA$9:$AA$10) -> 1625 | P17: =DSUM('KHACH HANG'!$E$5:$R$2133,"11",'KHACH HANG'!$AA$9:$AA$10) -> 1732 | Q17: =DSUM('KHACH HANG'!$E$5:$R$2133,"12",'KHACH HANG'!$AA$9:$AA$10) -> 584 | R17: =SUM(F17:Q17) -> 10084 | T17: Z | U17: 9 | V17: 10 | W17: DSUM('NHAN VIEN'!$E$5:$Q$2133,"1" | X17: ="DSUM('NHAN VIEN'!$E$5:$Q$2133,"&""""&$X$1&"""" -> DSUM('NHAN VIEN'!$E$5:$Q$2133,"2" | Y17: ="DSUM('NHAN VIEN'!$E$5:$Q$2133,"&""""&$Y$1&"""" -> DSUM('NHAN VIEN'!$E$5:$Q$2133,"3" | Z17: ="DSUM('NHAN VIEN'!$E$5:$Q$2133,"&""""&$Z$1&"""" -> DSUM('NHAN VIEN'!$E$5:$Q$2133,"4" | AA17: ="DSUM('NHAN VIEN'!$E$5:$Q$2133,"&""""&$AA$1&"""" -> DSUM('NHAN VIEN'!$E$5:$Q$2133,"5" | AB17: ="DSUM('NHAN VIEN'!$E$5:$Q$2133,"&""""&$AB$1&"""" -> DSUM('NHAN VIEN'!$E$5:$Q$2133,"6" | AC17: ="DSUM('NHAN VIEN'!$E$5:$Q$2133,"&""""&$AC$1&"""" -> DSUM('NHAN VIEN'!$E$5:$Q$2133,"7" | AD17: ="DSUM('NHAN VIEN'!$E$5:$Q$2133,"&""""&$AD$1&"""" -> DSUM('NHAN VIEN'!$E$5:$Q$2133,"8" | AE17: ="DSUM('NHAN VIEN'!$E$5:$Q$2133,"&""""&$AE$1&"""" -> DSUM('NHAN VIEN'!$E$5:$Q$2133,"9" | AF17: ="DSUM('NHAN VIEN'!$E$5:$Q$2133,"&""""&$AF$1&"""" -> DSUM('NHAN VIEN'!$E$5:$Q$2133,"10" | AG17: ="DSUM('NHAN VIEN'!$E$5:$Q$2133,"&""""&$AG$1&"""" -> DSUM('NHAN VIEN'!$E$5:$Q$2133,"11" | AH17: ="DSUM('NHAN VIEN'!$E$5:$Q$2133,"&""""&$AH$1&"""" -> DSUM('NHAN VIEN'!$E$5:$Q$2133,"12" | AI17: =W17&","&AV17&")" -> DSUM('NHAN VIEN'!$E$5:$Q$2133,"1",'NHAN VIEN'!$Z$9:$Z$10) | AJ17: =X17&","&AV17&")" -> DSUM('NHAN VIEN'!$E$5:$Q$2133,"2",'NHAN VIEN'!$Z$9:$Z$10) | AK17: =Y17&","&AV17&")" -> DSUM('NHAN VIEN'!$E$5:$Q$2133,"3",'NHAN VIEN'!$Z$9:$Z$10) | AL17: =Z17&","&AV17&")" -> DSUM('NHAN VIEN'!$E$5:$Q$2133,"4",'NHAN VIEN'!$Z$9:$Z$10) | AM17: =AA17&","&AV17&")" -> DSUM('NHAN VIEN'!$E$5:$Q$2133,"5",'NHAN VIEN'!$Z$9:$Z$10) | AN17: =AB17&","&AV17&")" -> DSUM('NHAN VIEN'!$E$5:$Q$2133,"6",'NHAN VIEN'!$Z$9:$Z$10) | AO17: =AC17&","&AV17&")" -> DSUM('NHAN VIEN'!$E$5:$Q$2133,"7",'NHAN VIEN'!$Z$9:$Z$10) | AP17: =AD17&","&AV17&")" -> DSUM('NHAN VIEN'!$E$5:$Q$2133,"8",'NHAN VIEN'!$Z$9:$Z$10) | AQ17: =AE17&","&AV17&")" -> DSUM('NHAN VIEN'!$E$5:$Q$2133,"9",'NHAN VIEN'!$Z$9:$Z$10) | AR17: =AF17&","&AV17&")" -> DSUM('NHAN VIEN'!$E$5:$Q$2133,"10",'NHAN VIEN'!$Z$9:$Z$10) | AS17: =AG17&","&AV17&")" -> DSUM('NHAN VIEN'!$E$5:$Q$2133,"11",'NHAN VIEN'!$Z$9:$Z$10) | AT17: =AH17&","&AV17&")" -> DSUM('NHAN VIEN'!$E$5:$Q$2133,"12",'NHAN VIEN'!$Z$9:$Z$10) | AV17: ="'NHAN VIEN'!$"&T17&"$"&U17&":$"&T17&"$"&V17 -> 'NHAN VIEN'!$Z$9:$Z$10 | AY17: ="="&AI17 -> =DSUM('NHAN VIEN'!$E$5:$Q$2133,"1",'NHAN VIEN'!$Z$9:$Z$10) | AZ17: ="="&AJ17 -> =DSUM('NHAN VIEN'!$E$5:$Q$2133,"2",'NHAN VIEN'!$Z$9:$Z$10) | BA17: ="="&AK17 -> =DSUM('NHAN VIEN'!$E$5:$Q$2133,"3",'NHAN VIEN'!$Z$9:$Z$10) | BB17: ="="&AL17 -> =DSUM('NHAN VIEN'!$E$5:$Q$2133,"4",'NHAN VIEN'!$Z$9:$Z$10) | BC17: ="="&AM17 -> =DSUM('NHAN VIEN'!$E$5:$Q$2133,"5",'NHAN VIEN'!$Z$9:$Z$10) | BD17: ="="&AN17 -> =DSUM('NHAN VIEN'!$E$5:$Q$2133,"6",'NHAN VIEN'!$Z$9:$Z$10) | BE17: ="="&AO17 -> =DSUM('NHAN VIEN'!$E$5:$Q$2133,"7",'NHAN VIEN'!$Z$9:$Z$10) | BF17: ="="&AP17 -> =DSUM('NHAN VIEN'!$E$5:$Q$2133,"8",'NHAN VIEN'!$Z$9:$Z$10) | ... BJ17: ="="&AT17 -> =DSUM('NHAN VIEN'!$E$5:$Q$2133,"12",'NHAN VIEN'!$Z$9:$Z$10) | BR17: =R17-'KHACH HANG'!S20 -> 10084
B18: =B17+1 -> 16 | C18: =VLOOKUP(B18,DMSP!$A$1:$C$39,2,0) -> 5.TRUYỀN THỐNG | D18: =VLOOKUP(B18,DMSP!$A$1:$C$39,3,0) -> THIOURE | E18: =R18 -> 0 | F18: =DSUM('KHACH HANG'!$E$5:$R$2133,"1",'KHACH HANG'!$AB$9:$AB$10) -> 0 | G18: =DSUM('KHACH HANG'!$E$5:$R$2133,"2",'KHACH HANG'!$AB$9:$AB$10) -> 0 | H18: =DSUM('KHACH HANG'!$E$5:$R$2133,"3",'KHACH HANG'!$AB$9:$AB$10) -> 0 | I18: =DSUM('KHACH HANG'!$E$5:$R$2133,"4",'KHACH HANG'!$AB$9:$AB$10) -> 0 | J18: =DSUM('KHACH HANG'!$E$5:$R$2133,"5",'KHACH HANG'!$AB$9:$AB$10) -> 0 | K18: =DSUM('KHACH HANG'!$E$5:$R$2133,"6",'KHACH HANG'!$AB$9:$AB$10) -> 0 | L18: =DSUM('KHACH HANG'!$E$5:$R$2133,"7",'KHACH HANG'!$AB$9:$AB$10) -> 0 | M18: =DSUM('KHACH HANG'!$E$5:$R$2133,"8",'KHACH HANG'!$AB$9:$AB$10) -> 0 | N18: =DSUM('KHACH HANG'!$E$5:$R$2133,"9",'KHACH HANG'!$AB$9:$AB$10) -> 0 | O18: =DSUM('KHACH HANG'!$E$5:$R$2133,"10",'KHACH HANG'!$AB$9:$AB$10) -> 0 | P18: =DSUM('KHACH HANG'!$E$5:$R$2133,"11",'KHACH HANG'!$AB$9:$AB$10) -> 0 | Q18: =DSUM('KHACH HANG'!$E$5:$R$2133,"12",'KHACH HANG'!$AB$9:$AB$10) -> 0 | R18: =SUM(F18:Q18) -> 0 | T18: AA | U18: 9 | V18: 10 | W18: DSUM('NHAN VIEN'!$E$5:$Q$2133,"1" | X18: ="DSUM('NHAN VIEN'!$E$5:$Q$2133,"&""""&$X$1&"""" -> DSUM('NHAN VIEN'!$E$5:$Q$2133,"2" | Y18: ="DSUM('NHAN VIEN'!$E$5:$Q$2133,"&""""&$Y$1&"""" -> DSUM('NHAN VIEN'!$E$5:$Q$2133,"3" | Z18: ="DSUM('NHAN VIEN'!$E$5:$Q$2133,"&""""&$Z$1&"""" -> DSUM('NHAN VIEN'!$E$5:$Q$2133,"4" | AA18: ="DSUM('NHAN VIEN'!$E$5:$Q$2133,"&""""&$AA$1&"""" -> DSUM('NHAN VIEN'!$E$5:$Q$2133,"5" | AB18: ="DSUM('NHAN VIEN'!$E$5:$Q$2133,"&""""&$AB$1&"""" -> DSUM('NHAN VIEN'!$E$5:$Q$2133,"6" | AC18: ="DSUM('NHAN VIEN'!$E$5:$Q$2133,"&""""&$AC$1&"""" -> DSUM('NHAN VIEN'!$E$5:$Q$2133,"7" | AD18: ="DSUM('NHAN VIEN'!$E$5:$Q$2133,"&""""&$AD$1&"""" -> DSUM('NHAN VIEN'!$E$5:$Q$2133,"8" | AE18: ="DSUM('NHAN VIEN'!$E$5:$Q$2133,"&""""&$AE$1&"""" -> DSUM('NHAN VIEN'!$E$5:$Q$2133,"9" | AF18: ="DSUM('NHAN VIEN'!$E$5:$Q$2133,"&""""&$AF$1&"""" -> DSUM('NHAN VIEN'!$E$5:$Q$2133,"10" | AG18: ="DSUM('NHAN VIEN'!$E$5:$Q$2133,"&""""&$AG$1&"""" -> DSUM('NHAN VIEN'!$E$5:$Q$2133,"11" | AH18: ="DSUM('NHAN VIEN'!$E$5:$Q$2133,"&""""&$AH$1&"""" -> DSUM('NHAN VIEN'!$E$5:$Q$2133,"12" | AI18: =W18&","&AV18&")" -> DSUM('NHAN VIEN'!$E$5:$Q$2133,"1",'NHAN VIEN'!$AA$9:$AA$10) | AJ18: =X18&","&AV18&")" -> DSUM('NHAN VIEN'!$E$5:$Q$2133,"2",'NHAN VIEN'!$AA$9:$AA$10) | AK18: =Y18&","&AV18&")" -> DSUM('NHAN VIEN'!$E$5:$Q$2133,"3",'NHAN VIEN'!$AA$9:$AA$10) | AL18: =Z18&","&AV18&")" -> DSUM('NHAN VIEN'!$E$5:$Q$2133,"4",'NHAN VIEN'!$AA$9:$AA$10) | AM18: =AA18&","&AV18&")" -> DSUM('NHAN VIEN'!$E$5:$Q$2133,"5",'NHAN VIEN'!$AA$9:$AA$10) | AN18: =AB18&","&AV18&")" -> DSUM('NHAN VIEN'!$E$5:$Q$2133,"6",'NHAN VIEN'!$AA$9:$AA$10) | AO18: =AC18&","&AV18&")" -> DSUM('NHAN VIEN'!$E$5:$Q$2133,"7",'NHAN VIEN'!$AA$9:$AA$10) | AP18: =AD18&","&AV18&")" -> DSUM('NHAN VIEN'!$E$5:$Q$2133,"8",'NHAN VIEN'!$AA$9:$AA$10) | AQ18: =AE18&","&AV18&")" -> DSUM('NHAN VIEN'!$E$5:$Q$2133,"9",'NHAN VIEN'!$AA$9:$AA$10) | AR18: =AF18&","&AV18&")" -> DSUM('NHAN VIEN'!$E$5:$Q$2133,"10",'NHAN VIEN'!$AA$9:$AA$10) | AS18: =AG18&","&AV18&")" -> DSUM('NHAN VIEN'!$E$5:$Q$2133,"11",'NHAN VIEN'!$AA$9:$AA$10) | AT18: =AH18&","&AV18&")" -> DSUM('NHAN VIEN'!$E$5:$Q$2133,"12",'NHAN VIEN'!$AA$9:$AA$10) | AV18: ="'NHAN VIEN'!$"&T18&"$"&U18&":$"&T18&"$"&V18 -> 'NHAN VIEN'!$AA$9:$AA$10 | AY18: ="="&AI18 -> =DSUM('NHAN VIEN'!$E$5:$Q$2133,"1",'NHAN VIEN'!$AA$9:$AA$10) | AZ18: ="="&AJ18 -> =DSUM('NHAN VIEN'!$E$5:$Q$2133,"2",'NHAN VIEN'!$AA$9:$AA$10) | BA18: ="="&AK18 -> =DSUM('NHAN VIEN'!$E$5:$Q$2133,"3",'NHAN VIEN'!$AA$9:$AA$10) | BB18: ="="&AL18 -> =DSUM('NHAN VIEN'!$E$5:$Q$2133,"4",'NHAN VIEN'!$AA$9:$AA$10) | BC18: ="="&AM18 -> =DSUM('NHAN VIEN'!$E$5:$Q$2133,"5",'NHAN VIEN'!$AA$9:$AA$10) | BD18: ="="&AN18 -> =DSUM('NHAN VIEN'!$E$5:$Q$2133,"6",'NHAN VIEN'!$AA$9:$AA$10) | BE18: ="="&AO18 -> =DSUM('NHAN VIEN'!$E$5:$Q$2133,"7",'NHAN VIEN'!$AA$9:$AA$10) | BF18: ="="&AP18 -> =DSUM('NHAN VIEN'!$E$5:$Q$2133,"8",'NHAN VIEN'!$AA$9:$AA$10) | ... BJ18: ="="&AT18 -> =DSUM('NHAN VIEN'!$E$5:$Q$2133,"12",'NHAN VIEN'!$AA$9:$AA$10) | BR18: =R18-'KHACH HANG'!S21 -> 0
B19: =B18+1 -> 17 | C19: =VLOOKUP(B19,DMSP!$A$1:$C$39,2,0) -> 5.TRUYỀN THỐNG | D19: =VLOOKUP(B19,DMSP!$A$1:$C$39,3,0) -> TOBA JUM | E19: =R19 -> 65660 | F19: =DSUM('KHACH HANG'!$E$5:$R$2133,"1",'KHACH HANG'!$AC$9:$AC$10) -> 1927 | G19: =DSUM('KHACH HANG'!$E$5:$R$2133,"2",'KHACH HANG'!$AC$9:$AC$10) -> 6909 | H19: =DSUM('KHACH HANG'!$E$5:$R$2133,"3",'KHACH HANG'!$AC$9:$AC$10) -> 15510 | I19: =DSUM('KHACH HANG'!$E$5:$R$2133,"4",'KHACH HANG'!$AC$9:$AC$10) -> 10575 | J19: =DSUM('KHACH HANG'!$E$5:$R$2133,"5",'KHACH HANG'!$AC$9:$AC$10) -> 12455 | K19: =DSUM('KHACH HANG'!$E$5:$R$2133,"6",'KHACH HANG'!$AC$9:$AC$10) -> 3807 | L19: =DSUM('KHACH HANG'!$E$5:$R$2133,"7",'KHACH HANG'!$AC$9:$AC$10) -> 2820 | M19: =DSUM('KHACH HANG'!$E$5:$R$2133,"8",'KHACH HANG'!$AC$9:$AC$10) -> 5546 | N19: =DSUM('KHACH HANG'!$E$5:$R$2133,"9",'KHACH HANG'!$AC$9:$AC$10) -> 3079 | O19: =DSUM('KHACH HANG'!$E$5:$R$2133,"10",'KHACH HANG'!$AC$9:$AC$10) -> 1410 | P19: =DSUM('KHACH HANG'!$E$5:$R$2133,"11",'KHACH HANG'!$AC$9:$AC$10) -> 1598 | Q19: =DSUM('KHACH HANG'!$E$5:$R$2133,"12",'KHACH HANG'!$AC$9:$AC$10) -> 24 | R19: =SUM(F19:Q19) -> 65660 | T19: AB | U19: 9 | V19: 10 | W19: DSUM('NHAN VIEN'!$E$5:$Q$2133,"1" | X19: ="DSUM('NHAN VIEN'!$E$5:$Q$2133,"&""""&$X$1&"""" -> DSUM('NHAN VIEN'!$E$5:$Q$2133,"2" | Y19: ="DSUM('NHAN VIEN'!$E$5:$Q$2133,"&""""&$Y$1&"""" -> DSUM('NHAN VIEN'!$E$5:$Q$2133,"3" | Z19: ="DSUM('NHAN VIEN'!$E$5:$Q$2133,"&""""&$Z$1&"""" -> DSUM('NHAN VIEN'!$E$5:$Q$2133,"4" | AA19: ="DSUM('NHAN VIEN'!$E$5:$Q$2133,"&""""&$AA$1&"""" -> DSUM('NHAN VIEN'!$E$5:$Q$2133,"5" | AB19: ="DSUM('NHAN VIEN'!$E$5:$Q$2133,"&""""&$AB$1&"""" -> DSUM('NHAN VIEN'!$E$5:$Q$2133,"6" | AC19: ="DSUM('NHAN VIEN'!$E$5:$Q$2133,"&""""&$AC$1&"""" -> DSUM('NHAN VIEN'!$E$5:$Q$2133,"7" | AD19: ="DSUM('NHAN VIEN'!$E$5:$Q$2133,"&""""&$AD$1&"""" -> DSUM('NHAN VIEN'!$E$5:$Q$2133,"8" | AE19: ="DSUM('NHAN VIEN'!$E$5:$Q$2133,"&""""&$AE$1&"""" -> DSUM('NHAN VIEN'!$E$5:$Q$2133,"9" | AF19: ="DSUM('NHAN VIEN'!$E$5:$Q$2133,"&""""&$AF$1&"""" -> DSUM('NHAN VIEN'!$E$5:$Q$2133,"10" | AG19: ="DSUM('NHAN VIEN'!$E$5:$Q$2133,"&""""&$AG$1&"""" -> DSUM('NHAN VIEN'!$E$5:$Q$2133,"11" | AH19: ="DSUM('NHAN VIEN'!$E$5:$Q$2133,"&""""&$AH$1&"""" -> DSUM('NHAN VIEN'!$E$5:$Q$2133,"12" | AI19: =W19&","&AV19&")" -> DSUM('NHAN VIEN'!$E$5:$Q$2133,"1",'NHAN VIEN'!$AB$9:$AB$10) | AJ19: =X19&","&AV19&")" -> DSUM('NHAN VIEN'!$E$5:$Q$2133,"2",'NHAN VIEN'!$AB$9:$AB$10) | AK19: =Y19&","&AV19&")" -> DSUM('NHAN VIEN'!$E$5:$Q$2133,"3",'NHAN VIEN'!$AB$9:$AB$10) | AL19: =Z19&","&AV19&")" -> DSUM('NHAN VIEN'!$E$5:$Q$2133,"4",'NHAN VIEN'!$AB$9:$AB$10) | AM19: =AA19&","&AV19&")" -> DSUM('NHAN VIEN'!$E$5:$Q$2133,"5",'NHAN VIEN'!$AB$9:$AB$10) | AN19: =AB19&","&AV19&")" -> DSUM('NHAN VIEN'!$E$5:$Q$2133,"6",'NHAN VIEN'!$AB$9:$AB$10) | AO19: =AC19&","&AV19&")" -> DSUM('NHAN VIEN'!$E$5:$Q$2133,"7",'NHAN VIEN'!$AB$9:$AB$10) | AP19: =AD19&","&AV19&")" -> DSUM('NHAN VIEN'!$E$5:$Q$2133,"8",'NHAN VIEN'!$AB$9:$AB$10) | AQ19: =AE19&","&AV19&")" -> DSUM('NHAN VIEN'!$E$5:$Q$2133,"9",'NHAN VIEN'!$AB$9:$AB$10) | AR19: =AF19&","&AV19&")" -> DSUM('NHAN VIEN'!$E$5:$Q$2133,"10",'NHAN VIEN'!$AB$9:$AB$10) | AS19: =AG19&","&AV19&")" -> DSUM('NHAN VIEN'!$E$5:$Q$2133,"11",'NHAN VIEN'!$AB$9:$AB$10) | AT19: =AH19&","&AV19&")" -> DSUM('NHAN VIEN'!$E$5:$Q$2133,"12",'NHAN VIEN'!$AB$9:$AB$10) | AV19: ="'NHAN VIEN'!$"&T19&"$"&U19&":$"&T19&"$"&V19 -> 'NHAN VIEN'!$AB$9:$AB$10 | AY19: ="="&AI19 -> =DSUM('NHAN VIEN'!$E$5:$Q$2133,"1",'NHAN VIEN'!$AB$9:$AB$10) | AZ19: ="="&AJ19 -> =DSUM('NHAN VIEN'!$E$5:$Q$2133,"2",'NHAN VIEN'!$AB$9:$AB$10) | BA19: ="="&AK19 -> =DSUM('NHAN VIEN'!$E$5:$Q$2133,"3",'NHAN VIEN'!$AB$9:$AB$10) | BB19: ="="&AL19 -> =DSUM('NHAN VIEN'!$E$5:$Q$2133,"4",'NHAN VIEN'!$AB$9:$AB$10) | BC19: ="="&AM19 -> =DSUM('NHAN VIEN'!$E$5:$Q$2133,"5",'NHAN VIEN'!$AB$9:$AB$10) | BD19: ="="&AN19 -> =DSUM('NHAN VIEN'!$E$5:$Q$2133,"6",'NHAN VIEN'!$AB$9:$AB$10) | BE19: ="="&AO19 -> =DSUM('NHAN VIEN'!$E$5:$Q$2133,"7",'NHAN VIEN'!$AB$9:$AB$10) | BF19: ="="&AP19 -> =DSUM('NHAN VIEN'!$E$5:$Q$2133,"8",'NHAN VIEN'!$AB$9:$AB$10) | ... BJ19: ="="&AT19 -> =DSUM('NHAN VIEN'!$E$5:$Q$2133,"12",'NHAN VIEN'!$AB$9:$AB$10) | BR19: =R19-'KHACH HANG'!S22 -> 65660
B20: =B19+1 -> 18 | C20: =VLOOKUP(B20,DMSP!$A$1:$C$39,2,0) -> 5.TRUYỀN THỐNG | D20: =VLOOKUP(B20,DMSP!$A$1:$C$39,3,0) -> TOBA NET | E20: =R20 -> 0 | F20: =DSUM('KHACH HANG'!$E$5:$R$2133,"1",'KHACH HANG'!$AD$9:$AD$10) -> 0 | G20: =DSUM('KHACH HANG'!$E$5:$R$2133,"2",'KHACH HANG'!$AD$9:$AD$10) -> 0 | H20: =DSUM('KHACH HANG'!$E$5:$R$2133,"3",'KHACH HANG'!$AD$9:$AD$10) -> 0 | I20: =DSUM('KHACH HANG'!$E$5:$R$2133,"4",'KHACH HANG'!$AD$9:$AD$10) -> 0 | J20: =DSUM('KHACH HANG'!$E$5:$R$2133,"5",'KHACH HANG'!$AD$9:$AD$10) -> 0 | K20: =DSUM('KHACH HANG'!$E$5:$R$2133,"6",'KHACH HANG'!$AD$9:$AD$10) -> 0 | L20: =DSUM('KHACH HANG'!$E$5:$R$2133,"7",'KHACH HANG'!$AD$9:$AD$10) -> 0 | M20: =DSUM('KHACH HANG'!$E$5:$R$2133,"8",'KHACH HANG'!$AD$9:$AD$10) -> 0 | N20: =DSUM('KHACH HANG'!$E$5:$R$2133,"9",'KHACH HANG'!$AD$9:$AD$10) -> 0 | O20: =DSUM('KHACH HANG'!$E$5:$R$2133,"10",'KHACH HANG'!$AD$9:$AD$10) -> 0 | P20: =DSUM('KHACH HANG'!$E$5:$R$2133,"11",'KHACH HANG'!$AD$9:$AD$10) -> 0 | Q20: =DSUM('KHACH HANG'!$E$5:$R$2133,"12",'KHACH HANG'!$AD$9:$AD$10) -> 0 | R20: =SUM(F20:Q20) -> 0 | T20: AC | U20: 9 | V20: 10 | W20: DSUM('NHAN VIEN'!$E$5:$Q$2133,"1" | X20: ="DSUM('NHAN VIEN'!$E$5:$Q$2133,"&""""&$X$1&"""" -> DSUM('NHAN VIEN'!$E$5:$Q$2133,"2" | Y20: ="DSUM('NHAN VIEN'!$E$5:$Q$2133,"&""""&$Y$1&"""" -> DSUM('NHAN VIEN'!$E$5:$Q$2133,"3" | Z20: ="DSUM('NHAN VIEN'!$E$5:$Q$2133,"&""""&$Z$1&"""" -> DSUM('NHAN VIEN'!$E$5:$Q$2133,"4" | AA20: ="DSUM('NHAN VIEN'!$E$5:$Q$2133,"&""""&$AA$1&"""" -> DSUM('NHAN VIEN'!$E$5:$Q$2133,"5" | AB20: ="DSUM('NHAN VIEN'!$E$5:$Q$2133,"&""""&$AB$1&"""" -> DSUM('NHAN VIEN'!$E$5:$Q$2133,"6" | AC20: ="DSUM('NHAN VIEN'!$E$5:$Q$2133,"&""""&$AC$1&"""" -> DSUM('NHAN VIEN'!$E$5:$Q$2133,"7" | AD20: ="DSUM('NHAN VIEN'!$E$5:$Q$2133,"&""""&$AD$1&"""" -> DSUM('NHAN VIEN'!$E$5:$Q$2133,"8" | AE20: ="DSUM('NHAN VIEN'!$E$5:$Q$2133,"&""""&$AE$1&"""" -> DSUM('NHAN VIEN'!$E$5:$Q$2133,"9" | AF20: ="DSUM('NHAN VIEN'!$E$5:$Q$2133,"&""""&$AF$1&"""" -> DSUM('NHAN VIEN'!$E$5:$Q$2133,"10" | AG20: ="DSUM('NHAN VIEN'!$E$5:$Q$2133,"&""""&$AG$1&"""" -> DSUM('NHAN VIEN'!$E$5:$Q$2133,"11" | AH20: ="DSUM('NHAN VIEN'!$E$5:$Q$2133,"&""""&$AH$1&"""" -> DSUM('NHAN VIEN'!$E$5:$Q$2133,"12" | AI20: =W20&","&AV20&")" -> DSUM('NHAN VIEN'!$E$5:$Q$2133,"1",'NHAN VIEN'!$AC$9:$AC$10) | AJ20: =X20&","&AV20&")" -> DSUM('NHAN VIEN'!$E$5:$Q$2133,"2",'NHAN VIEN'!$AC$9:$AC$10) | AK20: =Y20&","&AV20&")" -> DSUM('NHAN VIEN'!$E$5:$Q$2133,"3",'NHAN VIEN'!$AC$9:$AC$10) | AL20: =Z20&","&AV20&")" -> DSUM('NHAN VIEN'!$E$5:$Q$2133,"4",'NHAN VIEN'!$AC$9:$AC$10) | AM20: =AA20&","&AV20&")" -> DSUM('NHAN VIEN'!$E$5:$Q$2133,"5",'NHAN VIEN'!$AC$9:$AC$10) | AN20: =AB20&","&AV20&")" -> DSUM('NHAN VIEN'!$E$5:$Q$2133,"6",'NHAN VIEN'!$AC$9:$AC$10) | AO20: =AC20&","&AV20&")" -> DSUM('NHAN VIEN'!$E$5:$Q$2133,"7",'NHAN VIEN'!$AC$9:$AC$10) | AP20: =AD20&","&AV20&")" -> DSUM('NHAN VIEN'!$E$5:$Q$2133,"8",'NHAN VIEN'!$AC$9:$AC$10) | AQ20: =AE20&","&AV20&")" -> DSUM('NHAN VIEN'!$E$5:$Q$2133,"9",'NHAN VIEN'!$AC$9:$AC$10) | AR20: =AF20&","&AV20&")" -> DSUM('NHAN VIEN'!$E$5:$Q$2133,"10",'NHAN VIEN'!$AC$9:$AC$10) | AS20: =AG20&","&AV20&")" -> DSUM('NHAN VIEN'!$E$5:$Q$2133,"11",'NHAN VIEN'!$AC$9:$AC$10) | AT20: =AH20&","&AV20&")" -> DSUM('NHAN VIEN'!$E$5:$Q$2133,"12",'NHAN VIEN'!$AC$9:$AC$10) | AV20: ="'NHAN VIEN'!$"&T20&"$"&U20&":$"&T20&"$"&V20 -> 'NHAN VIEN'!$AC$9:$AC$10 | AY20: ="="&AI20 -> =DSUM('NHAN VIEN'!$E$5:$Q$2133,"1",'NHAN VIEN'!$AC$9:$AC$10) | AZ20: ="="&AJ20 -> =DSUM('NHAN VIEN'!$E$5:$Q$2133,"2",'NHAN VIEN'!$AC$9:$AC$10) | BA20: ="="&AK20 -> =DSUM('NHAN VIEN'!$E$5:$Q$2133,"3",'NHAN VIEN'!$AC$9:$AC$10) | BB20: ="="&AL20 -> =DSUM('NHAN VIEN'!$E$5:$Q$2133,"4",'NHAN VIEN'!$AC$9:$AC$10) | BC20: ="="&AM20 -> =DSUM('NHAN VIEN'!$E$5:$Q$2133,"5",'NHAN VIEN'!$AC$9:$AC$10) | BD20: ="="&AN20 -> =DSUM('NHAN VIEN'!$E$5:$Q$2133,"6",'NHAN VIEN'!$AC$9:$AC$10) | BE20: ="="&AO20 -> =DSUM('NHAN VIEN'!$E$5:$Q$2133,"7",'NHAN VIEN'!$AC$9:$AC$10) | BF20: ="="&AP20 -> =DSUM('NHAN VIEN'!$E$5:$Q$2133,"8",'NHAN VIEN'!$AC$9:$AC$10) | ... BJ20: ="="&AT20 -> =DSUM('NHAN VIEN'!$E$5:$Q$2133,"12",'NHAN VIEN'!$AC$9:$AC$10) | BR20: =R20-'KHACH HANG'!S23 -> 0
B21: =B20+1 -> 19 | C21: =VLOOKUP(B21,DMSP!$A$1:$C$39,2,0) -> 6.BVTV | D21: =VLOOKUP(B21,DMSP!$A$1:$C$39,3,0) -> ABAFAX 1.8 | E21: =R21 -> 10 | F21: =DSUM('KHACH HANG'!$E$5:$R$2133,"1",'KHACH HANG'!$Y$11:$Y$12) -> 0 | G21: =DSUM('KHACH HANG'!$E$5:$R$2133,"2",'KHACH HANG'!$Y$11:$Y$12) -> 10 | H21: =DSUM('KHACH HANG'!$E$5:$R$2133,"3",'KHACH HANG'!$Y$11:$Y$12) -> 0 | I21: =DSUM('KHACH HANG'!$E$5:$R$2133,"4",'KHACH HANG'!$Y$11:$Y$12) -> 0 | J21: =DSUM('KHACH HANG'!$E$5:$R$2133,"5",'KHACH HANG'!$Y$11:$Y$12) -> 0 | K21: =DSUM('KHACH HANG'!$E$5:$R$2133,"6",'KHACH HANG'!$Y$11:$Y$12) -> 0 | L21: =DSUM('KHACH HANG'!$E$5:$R$2133,"7",'KHACH HANG'!$Y$11:$Y$12) -> 0 | M21: =DSUM('KHACH HANG'!$E$5:$R$2133,"8",'KHACH HANG'!$Y$11:$Y$12) -> 0 | N21: =DSUM('KHACH HANG'!$E$5:$R$2133,"9",'KHACH HANG'!$Y$11:$Y$12) -> 0 | O21: =DSUM('KHACH HANG'!$E$5:$R$2133,"10",'KHACH HANG'!$Y$11:$Y$12) -> 0 | P21: =DSUM('KHACH HANG'!$E$5:$R$2133,"11",'KHACH HANG'!$Y$11:$Y$12) -> 0 | Q21: =DSUM('KHACH HANG'!$E$5:$R$2133,"12",'KHACH HANG'!$Y$11:$Y$12) -> 0 | R21: =SUM(F21:Q21) -> 10 | T21: X | U21: 11 | V21: 12 | W21: DSUM('NHAN VIEN'!$E$5:$Q$2133,"1" | X21: ="DSUM('NHAN VIEN'!$E$5:$Q$2133,"&""""&$X$1&"""" -> DSUM('NHAN VIEN'!$E$5:$Q$2133,"2" | Y21: ="DSUM('NHAN VIEN'!$E$5:$Q$2133,"&""""&$Y$1&"""" -> DSUM('NHAN VIEN'!$E$5:$Q$2133,"3" | Z21: ="DSUM('NHAN VIEN'!$E$5:$Q$2133,"&""""&$Z$1&"""" -> DSUM('NHAN VIEN'!$E$5:$Q$2133,"4" | AA21: ="DSUM('NHAN VIEN'!$E$5:$Q$2133,"&""""&$AA$1&"""" -> DSUM('NHAN VIEN'!$E$5:$Q$2133,"5" | AB21: ="DSUM('NHAN VIEN'!$E$5:$Q$2133,"&""""&$AB$1&"""" -> DSUM('NHAN VIEN'!$E$5:$Q$2133,"6" | AC21: ="DSUM('NHAN VIEN'!$E$5:$Q$2133,"&""""&$AC$1&"""" -> DSUM('NHAN VIEN'!$E$5:$Q$2133,"7" | AD21: ="DSUM('NHAN VIEN'!$E$5:$Q$2133,"&""""&$AD$1&"""" -> DSUM('NHAN VIEN'!$E$5:$Q$2133,"8" | AE21: ="DSUM('NHAN VIEN'!$E$5:$Q$2133,"&""""&$AE$1&"""" -> DSUM('NHAN VIEN'!$E$5:$Q$2133,"9" | AF21: ="DSUM('NHAN VIEN'!$E$5:$Q$2133,"&""""&$AF$1&"""" -> DSUM('NHAN VIEN'!$E$5:$Q$2133,"10" | AG21: ="DSUM('NHAN VIEN'!$E$5:$Q$2133,"&""""&$AG$1&"""" -> DSUM('NHAN VIEN'!$E$5:$Q$2133,"11" | AH21: ="DSUM('NHAN VIEN'!$E$5:$Q$2133,"&""""&$AH$1&"""" -> DSUM('NHAN VIEN'!$E$5:$Q$2133,"12" | AI21: =W21&","&AV21&")" -> DSUM('NHAN VIEN'!$E$5:$Q$2133,"1",'NHAN VIEN'!$X$11:$X$12) | AJ21: =X21&","&AV21&")" -> DSUM('NHAN VIEN'!$E$5:$Q$2133,"2",'NHAN VIEN'!$X$11:$X$12) | AK21: =Y21&","&AV21&")" -> DSUM('NHAN VIEN'!$E$5:$Q$2133,"3",'NHAN VIEN'!$X$11:$X$12) | AL21: =Z21&","&AV21&")" -> DSUM('NHAN VIEN'!$E$5:$Q$2133,"4",'NHAN VIEN'!$X$11:$X$12) | AM21: =AA21&","&AV21&")" -> DSUM('NHAN VIEN'!$E$5:$Q$2133,"5",'NHAN VIEN'!$X$11:$X$12) | AN21: =AB21&","&AV21&")" -> DSUM('NHAN VIEN'!$E$5:$Q$2133,"6",'NHAN VIEN'!$X$11:$X$12) | AO21: =AC21&","&AV21&")" -> DSUM('NHAN VIEN'!$E$5:$Q$2133,"7",'NHAN VIEN'!$X$11:$X$12) | AP21: =AD21&","&AV21&")" -> DSUM('NHAN VIEN'!$E$5:$Q$2133,"8",'NHAN VIEN'!$X$11:$X$12) | AQ21: =AE21&","&AV21&")" -> DSUM('NHAN VIEN'!$E$5:$Q$2133,"9",'NHAN VIEN'!$X$11:$X$12) | AR21: =AF21&","&AV21&")" -> DSUM('NHAN VIEN'!$E$5:$Q$2133,"10",'NHAN VIEN'!$X$11:$X$12) | AS21: =AG21&","&AV21&")" -> DSUM('NHAN VIEN'!$E$5:$Q$2133,"11",'NHAN VIEN'!$X$11:$X$12) | AT21: =AH21&","&AV21&")" -> DSUM('NHAN VIEN'!$E$5:$Q$2133,"12",'NHAN VIEN'!$X$11:$X$12) | AV21: ="'NHAN VIEN'!$"&T21&"$"&U21&":$"&T21&"$"&V21 -> 'NHAN VIEN'!$X$11:$X$12 | AY21: ="="&AI21 -> =DSUM('NHAN VIEN'!$E$5:$Q$2133,"1",'NHAN VIEN'!$X$11:$X$12) | AZ21: ="="&AJ21 -> =DSUM('NHAN VIEN'!$E$5:$Q$2133,"2",'NHAN VIEN'!$X$11:$X$12) | BA21: ="="&AK21 -> =DSUM('NHAN VIEN'!$E$5:$Q$2133,"3",'NHAN VIEN'!$X$11:$X$12) | BB21: ="="&AL21 -> =DSUM('NHAN VIEN'!$E$5:$Q$2133,"4",'NHAN VIEN'!$X$11:$X$12) | BC21: ="="&AM21 -> =DSUM('NHAN VIEN'!$E$5:$Q$2133,"5",'NHAN VIEN'!$X$11:$X$12) | BD21: ="="&AN21 -> =DSUM('NHAN VIEN'!$E$5:$Q$2133,"6",'NHAN VIEN'!$X$11:$X$12) | BE21: ="="&AO21 -> =DSUM('NHAN VIEN'!$E$5:$Q$2133,"7",'NHAN VIEN'!$X$11:$X$12) | BF21: ="="&AP21 -> =DSUM('NHAN VIEN'!$E$5:$Q$2133,"8",'NHAN VIEN'!$X$11:$X$12) | ... BJ21: ="="&AT21 -> =DSUM('NHAN VIEN'!$E$5:$Q$2133,"12",'NHAN VIEN'!$X$11:$X$12) | BR21: =R21-'KHACH HANG'!S24 -> 10
B22: =B21+1 -> 20 | C22: =VLOOKUP(B22,DMSP!$A$1:$C$39,2,0) -> 6.BVTV | D22: =VLOOKUP(B22,DMSP!$A$1:$C$39,3,0) -> ABAFAX 3.6 | E22: =R22 -> 0 | F22: =DSUM('KHACH HANG'!$E$5:$R$2133,"1",'KHACH HANG'!$Z$11:$Z$12) -> 0 | G22: =DSUM('KHACH HANG'!$E$5:$R$2133,"2",'KHACH HANG'!$Z$11:$Z$12) -> 0 | H22: =DSUM('KHACH HANG'!$E$5:$R$2133,"3",'KHACH HANG'!$Z$11:$Z$12) -> 0 | I22: =DSUM('KHACH HANG'!$E$5:$R$2133,"4",'KHACH HANG'!$Z$11:$Z$12) -> 0 | J22: =DSUM('KHACH HANG'!$E$5:$R$2133,"5",'KHACH HANG'!$Z$11:$Z$12) -> 0 | K22: =DSUM('KHACH HANG'!$E$5:$R$2133,"6",'KHACH HANG'!$Z$11:$Z$12) -> 0 | L22: =DSUM('KHACH HANG'!$E$5:$R$2133,"7",'KHACH HANG'!$Z$11:$Z$12) -> 0 | M22: =DSUM('KHACH HANG'!$E$5:$R$2133,"8",'KHACH HANG'!$Z$11:$Z$12) -> 0 | N22: =DSUM('KHACH HANG'!$E$5:$R$2133,"9",'KHACH HANG'!$Z$11:$Z$12) -> 0 | O22: =DSUM('KHACH HANG'!$E$5:$R$2133,"10",'KHACH HANG'!$Z$11:$Z$12) -> 0 | P22: =DSUM('KHACH HANG'!$E$5:$R$2133,"11",'KHACH HANG'!$Z$11:$Z$12) -> 0 | Q22: =DSUM('KHACH HANG'!$E$5:$R$2133,"12",'KHACH HANG'!$Z$11:$Z$12) -> 0 | R22: =SUM(F22:Q22) -> 0 | T22: Y | U22: 11 | V22: 12 | W22: DSUM('NHAN VIEN'!$E$5:$Q$2133,"1" | X22: ="DSUM('NHAN VIEN'!$E$5:$Q$2133,"&""""&$X$1&"""" -> DSUM('NHAN VIEN'!$E$5:$Q$2133,"2" | Y22: ="DSUM('NHAN VIEN'!$E$5:$Q$2133,"&""""&$Y$1&"""" -> DSUM('NHAN VIEN'!$E$5:$Q$2133,"3" | Z22: ="DSUM('NHAN VIEN'!$E$5:$Q$2133,"&""""&$Z$1&"""" -> DSUM('NHAN VIEN'!$E$5:$Q$2133,"4" | AA22: ="DSUM('NHAN VIEN'!$E$5:$Q$2133,"&""""&$AA$1&"""" -> DSUM('NHAN VIEN'!$E$5:$Q$2133,"5" | AB22: ="DSUM('NHAN VIEN'!$E$5:$Q$2133,"&""""&$AB$1&"""" -> DSUM('NHAN VIEN'!$E$5:$Q$2133,"6" | AC22: ="DSUM('NHAN VIEN'!$E$5:$Q$2133,"&""""&$AC$1&"""" -> DSUM('NHAN VIEN'!$E$5:$Q$2133,"7" | AD22: ="DSUM('NHAN VIEN'!$E$5:$Q$2133,"&""""&$AD$1&"""" -> DSUM('NHAN VIEN'!$E$5:$Q$2133,"8" | AE22: ="DSUM('NHAN VIEN'!$E$5:$Q$2133,"&""""&$AE$1&"""" -> DSUM('NHAN VIEN'!$E$5:$Q$2133,"9" | AF22: ="DSUM('NHAN VIEN'!$E$5:$Q$2133,"&""""&$AF$1&"""" -> DSUM('NHAN VIEN'!$E$5:$Q$2133,"10" | AG22: ="DSUM('NHAN VIEN'!$E$5:$Q$2133,"&""""&$AG$1&"""" -> DSUM('NHAN VIEN'!$E$5:$Q$2133,"11" | AH22: ="DSUM('NHAN VIEN'!$E$5:$Q$2133,"&""""&$AH$1&"""" -> DSUM('NHAN VIEN'!$E$5:$Q$2133,"12" | AI22: =W22&","&AV22&")" -> DSUM('NHAN VIEN'!$E$5:$Q$2133,"1",'NHAN VIEN'!$Y$11:$Y$12) | AJ22: =X22&","&AV22&")" -> DSUM('NHAN VIEN'!$E$5:$Q$2133,"2",'NHAN VIEN'!$Y$11:$Y$12) | AK22: =Y22&","&AV22&")" -> DSUM('NHAN VIEN'!$E$5:$Q$2133,"3",'NHAN VIEN'!$Y$11:$Y$12) | AL22: =Z22&","&AV22&")" -> DSUM('NHAN VIEN'!$E$5:$Q$2133,"4",'NHAN VIEN'!$Y$11:$Y$12) | AM22: =AA22&","&AV22&")" -> DSUM('NHAN VIEN'!$E$5:$Q$2133,"5",'NHAN VIEN'!$Y$11:$Y$12) | AN22: =AB22&","&AV22&")" -> DSUM('NHAN VIEN'!$E$5:$Q$2133,"6",'NHAN VIEN'!$Y$11:$Y$12) | AO22: =AC22&","&AV22&")" -> DSUM('NHAN VIEN'!$E$5:$Q$2133,"7",'NHAN VIEN'!$Y$11:$Y$12) | AP22: =AD22&","&AV22&")" -> DSUM('NHAN VIEN'!$E$5:$Q$2133,"8",'NHAN VIEN'!$Y$11:$Y$12) | AQ22: =AE22&","&AV22&")" -> DSUM('NHAN VIEN'!$E$5:$Q$2133,"9",'NHAN VIEN'!$Y$11:$Y$12) | AR22: =AF22&","&AV22&")" -> DSUM('NHAN VIEN'!$E$5:$Q$2133,"10",'NHAN VIEN'!$Y$11:$Y$12) | AS22: =AG22&","&AV22&")" -> DSUM('NHAN VIEN'!$E$5:$Q$2133,"11",'NHAN VIEN'!$Y$11:$Y$12) | AT22: =AH22&","&AV22&")" -> DSUM('NHAN VIEN'!$E$5:$Q$2133,"12",'NHAN VIEN'!$Y$11:$Y$12) | AV22: ="'NHAN VIEN'!$"&T22&"$"&U22&":$"&T22&"$"&V22 -> 'NHAN VIEN'!$Y$11:$Y$12 | AY22: ="="&AI22 -> =DSUM('NHAN VIEN'!$E$5:$Q$2133,"1",'NHAN VIEN'!$Y$11:$Y$12) | AZ22: ="="&AJ22 -> =DSUM('NHAN VIEN'!$E$5:$Q$2133,"2",'NHAN VIEN'!$Y$11:$Y$12) | BA22: ="="&AK22 -> =DSUM('NHAN VIEN'!$E$5:$Q$2133,"3",'NHAN VIEN'!$Y$11:$Y$12) | BB22: ="="&AL22 -> =DSUM('NHAN VIEN'!$E$5:$Q$2133,"4",'NHAN VIEN'!$Y$11:$Y$12) | BC22: ="="&AM22 -> =DSUM('NHAN VIEN'!$E$5:$Q$2133,"5",'NHAN VIEN'!$Y$11:$Y$12) | BD22: ="="&AN22 -> =DSUM('NHAN VIEN'!$E$5:$Q$2133,"6",'NHAN VIEN'!$Y$11:$Y$12) | BE22: ="="&AO22 -> =DSUM('NHAN VIEN'!$E$5:$Q$2133,"7",'NHAN VIEN'!$Y$11:$Y$12) | BF22: ="="&AP22 -> =DSUM('NHAN VIEN'!$E$5:$Q$2133,"8",'NHAN VIEN'!$Y$11:$Y$12) | ... BJ22: ="="&AT22 -> =DSUM('NHAN VIEN'!$E$5:$Q$2133,"12",'NHAN VIEN'!$Y$11:$Y$12) | BR22: =R22-'KHACH HANG'!S25 -> 0
B23: =B22+1 -> 21 | C23: =VLOOKUP(B23,DMSP!$A$1:$C$39,2,0) -> 6.BVTV | D23: =VLOOKUP(B23,DMSP!$A$1:$C$39,3,0) -> AZET | E23: =R23 -> 448 | F23: =DSUM('KHACH HANG'!$E$5:$R$2133,"1",'KHACH HANG'!$AA$11:$AA$12) -> 32 | G23: =DSUM('KHACH HANG'!$E$5:$R$2133,"2",'KHACH HANG'!$AA$11:$AA$12) -> 95 | H23: =DSUM('KHACH HANG'!$E$5:$R$2133,"3",'KHACH HANG'!$AA$11:$AA$12) -> 6 | I23: =DSUM('KHACH HANG'!$E$5:$R$2133,"4",'KHACH HANG'!$AA$11:$AA$12) -> 0 | J23: =DSUM('KHACH HANG'!$E$5:$R$2133,"5",'KHACH HANG'!$AA$11:$AA$12) -> 0 | K23: =DSUM('KHACH HANG'!$E$5:$R$2133,"6",'KHACH HANG'!$AA$11:$AA$12) -> 63 | L23: =DSUM('KHACH HANG'!$E$5:$R$2133,"7",'KHACH HANG'!$AA$11:$AA$12) -> 63 | M23: =DSUM('KHACH HANG'!$E$5:$R$2133,"8",'KHACH HANG'!$AA$11:$AA$12) -> 0 | N23: =DSUM('KHACH HANG'!$E$5:$R$2133,"9",'KHACH HANG'!$AA$11:$AA$12) -> 0 | O23: =DSUM('KHACH HANG'!$E$5:$R$2133,"10",'KHACH HANG'!$AA$11:$AA$12) -> 0 | P23: =DSUM('KHACH HANG'!$E$5:$R$2133,"11",'KHACH HANG'!$AA$11:$AA$12) -> 189 | Q23: =DSUM('KHACH HANG'!$E$5:$R$2133,"12",'KHACH HANG'!$AA$11:$AA$12) -> 0 | R23: =SUM(F23:Q23) -> 448 | T23: Z | U23: 11 | V23: 12 | W23: DSUM('NHAN VIEN'!$E$5:$Q$2133,"1" | X23: ="DSUM('NHAN VIEN'!$E$5:$Q$2133,"&""""&$X$1&"""" -> DSUM('NHAN VIEN'!$E$5:$Q$2133,"2" | Y23: ="DSUM('NHAN VIEN'!$E$5:$Q$2133,"&""""&$Y$1&"""" -> DSUM('NHAN VIEN'!$E$5:$Q$2133,"3" | Z23: ="DSUM('NHAN VIEN'!$E$5:$Q$2133,"&""""&$Z$1&"""" -> DSUM('NHAN VIEN'!$E$5:$Q$2133,"4" | AA23: ="DSUM('NHAN VIEN'!$E$5:$Q$2133,"&""""&$AA$1&"""" -> DSUM('NHAN VIEN'!$E$5:$Q$2133,"5" | AB23: ="DSUM('NHAN VIEN'!$E$5:$Q$2133,"&""""&$AB$1&"""" -> DSUM('NHAN VIEN'!$E$5:$Q$2133,"6" | AC23: ="DSUM('NHAN VIEN'!$E$5:$Q$2133,"&""""&$AC$1&"""" -> DSUM('NHAN VIEN'!$E$5:$Q$2133,"7" | AD23: ="DSUM('NHAN VIEN'!$E$5:$Q$2133,"&""""&$AD$1&"""" -> DSUM('NHAN VIEN'!$E$5:$Q$2133,"8" | AE23: ="DSUM('NHAN VIEN'!$E$5:$Q$2133,"&""""&$AE$1&"""" -> DSUM('NHAN VIEN'!$E$5:$Q$2133,"9" | AF23: ="DSUM('NHAN VIEN'!$E$5:$Q$2133,"&""""&$AF$1&"""" -> DSUM('NHAN VIEN'!$E$5:$Q$2133,"10" | AG23: ="DSUM('NHAN VIEN'!$E$5:$Q$2133,"&""""&$AG$1&"""" -> DSUM('NHAN VIEN'!$E$5:$Q$2133,"11" | AH23: ="DSUM('NHAN VIEN'!$E$5:$Q$2133,"&""""&$AH$1&"""" -> DSUM('NHAN VIEN'!$E$5:$Q$2133,"12" | AI23: =W23&","&AV23&")" -> DSUM('NHAN VIEN'!$E$5:$Q$2133,"1",'NHAN VIEN'!$Z$11:$Z$12) | AJ23: =X23&","&AV23&")" -> DSUM('NHAN VIEN'!$E$5:$Q$2133,"2",'NHAN VIEN'!$Z$11:$Z$12) | AK23: =Y23&","&AV23&")" -> DSUM('NHAN VIEN'!$E$5:$Q$2133,"3",'NHAN VIEN'!$Z$11:$Z$12) | AL23: =Z23&","&AV23&")" -> DSUM('NHAN VIEN'!$E$5:$Q$2133,"4",'NHAN VIEN'!$Z$11:$Z$12) | AM23: =AA23&","&AV23&")" -> DSUM('NHAN VIEN'!$E$5:$Q$2133,"5",'NHAN VIEN'!$Z$11:$Z$12) | AN23: =AB23&","&AV23&")" -> DSUM('NHAN VIEN'!$E$5:$Q$2133,"6",'NHAN VIEN'!$Z$11:$Z$12) | AO23: =AC23&","&AV23&")" -> DSUM('NHAN VIEN'!$E$5:$Q$2133,"7",'NHAN VIEN'!$Z$11:$Z$12) | AP23: =AD23&","&AV23&")" -> DSUM('NHAN VIEN'!$E$5:$Q$2133,"8",'NHAN VIEN'!$Z$11:$Z$12) | AQ23: =AE23&","&AV23&")" -> DSUM('NHAN VIEN'!$E$5:$Q$2133,"9",'NHAN VIEN'!$Z$11:$Z$12) | AR23: =AF23&","&AV23&")" -> DSUM('NHAN VIEN'!$E$5:$Q$2133,"10",'NHAN VIEN'!$Z$11:$Z$12) | AS23: =AG23&","&AV23&")" -> DSUM('NHAN VIEN'!$E$5:$Q$2133,"11",'NHAN VIEN'!$Z$11:$Z$12) | AT23: =AH23&","&AV23&")" -> DSUM('NHAN VIEN'!$E$5:$Q$2133,"12",'NHAN VIEN'!$Z$11:$Z$12) | AV23: ="'NHAN VIEN'!$"&T23&"$"&U23&":$"&T23&"$"&V23 -> 'NHAN VIEN'!$Z$11:$Z$12 | AY23: ="="&AI23 -> =DSUM('NHAN VIEN'!$E$5:$Q$2133,"1",'NHAN VIEN'!$Z$11:$Z$12) | AZ23: ="="&AJ23 -> =DSUM('NHAN VIEN'!$E$5:$Q$2133,"2",'NHAN VIEN'!$Z$11:$Z$12) | BA23: ="="&AK23 -> =DSUM('NHAN VIEN'!$E$5:$Q$2133,"3",'NHAN VIEN'!$Z$11:$Z$12) | BB23: ="="&AL23 -> =DSUM('NHAN VIEN'!$E$5:$Q$2133,"4",'NHAN VIEN'!$Z$11:$Z$12) | BC23: ="="&AM23 -> =DSUM('NHAN VIEN'!$E$5:$Q$2133,"5",'NHAN VIEN'!$Z$11:$Z$12) | BD23: ="="&AN23 -> =DSUM('NHAN VIEN'!$E$5:$Q$2133,"6",'NHAN VIEN'!$Z$11:$Z$12) | BE23: ="="&AO23 -> =DSUM('NHAN VIEN'!$E$5:$Q$2133,"7",'NHAN VIEN'!$Z$11:$Z$12) | BF23: ="="&AP23 -> =DSUM('NHAN VIEN'!$E$5:$Q$2133,"8",'NHAN VIEN'!$Z$11:$Z$12) | ... BJ23: ="="&AT23 -> =DSUM('NHAN VIEN'!$E$5:$Q$2133,"12",'NHAN VIEN'!$Z$11:$Z$12) | BR23: =R23-'KHACH HANG'!S26 -> 448
B24: =B23+1 -> 22 | C24: =VLOOKUP(B24,DMSP!$A$1:$C$39,2,0) -> 6.BVTV | D24: =VLOOKUP(B24,DMSP!$A$1:$C$39,3,0) -> BACBA | E24: =R24 -> 0 | F24: =DSUM('KHACH HANG'!$E$5:$R$2133,"1",'KHACH HANG'!$AB$11:$AB$12) -> 0 | G24: =DSUM('KHACH HANG'!$E$5:$R$2133,"2",'KHACH HANG'!$AB$11:$AB$12) -> 0 | H24: =DSUM('KHACH HANG'!$E$5:$R$2133,"3",'KHACH HANG'!$AB$11:$AB$12) -> 0 | I24: =DSUM('KHACH HANG'!$E$5:$R$2133,"4",'KHACH HANG'!$AB$11:$AB$12) -> 0 | J24: =DSUM('KHACH HANG'!$E$5:$R$2133,"5",'KHACH HANG'!$AB$11:$AB$12) -> 0 | K24: =DSUM('KHACH HANG'!$E$5:$R$2133,"6",'KHACH HANG'!$AB$11:$AB$12) -> 0 | L24: =DSUM('KHACH HANG'!$E$5:$R$2133,"7",'KHACH HANG'!$AB$11:$AB$12) -> 0 | M24: =DSUM('KHACH HANG'!$E$5:$R$2133,"8",'KHACH HANG'!$AB$11:$AB$12) -> 0 | N24: =DSUM('KHACH HANG'!$E$5:$R$2133,"9",'KHACH HANG'!$AB$11:$AB$12) -> 0 | O24: =DSUM('KHACH HANG'!$E$5:$R$2133,"10",'KHACH HANG'!$AB$11:$AB$12) -> 0 | P24: =DSUM('KHACH HANG'!$E$5:$R$2133,"11",'KHACH HANG'!$AB$11:$AB$12) -> 0 | Q24: =DSUM('KHACH HANG'!$E$5:$R$2133,"12",'KHACH HANG'!$AB$11:$AB$12) -> 0 | R24: =SUM(F24:Q24) -> 0 | T24: AA | U24: 11 | V24: 12 | W24: DSUM('NHAN VIEN'!$E$5:$Q$2133,"1" | X24: ="DSUM('NHAN VIEN'!$E$5:$Q$2133,"&""""&$X$1&"""" -> DSUM('NHAN VIEN'!$E$5:$Q$2133,"2" | Y24: ="DSUM('NHAN VIEN'!$E$5:$Q$2133,"&""""&$Y$1&"""" -> DSUM('NHAN VIEN'!$E$5:$Q$2133,"3" | Z24: ="DSUM('NHAN VIEN'!$E$5:$Q$2133,"&""""&$Z$1&"""" -> DSUM('NHAN VIEN'!$E$5:$Q$2133,"4" | AA24: ="DSUM('NHAN VIEN'!$E$5:$Q$2133,"&""""&$AA$1&"""" -> DSUM('NHAN VIEN'!$E$5:$Q$2133,"5" | AB24: ="DSUM('NHAN VIEN'!$E$5:$Q$2133,"&""""&$AB$1&"""" -> DSUM('NHAN VIEN'!$E$5:$Q$2133,"6" | AC24: ="DSUM('NHAN VIEN'!$E$5:$Q$2133,"&""""&$AC$1&"""" -> DSUM('NHAN VIEN'!$E$5:$Q$2133,"7" | AD24: ="DSUM('NHAN VIEN'!$E$5:$Q$2133,"&""""&$AD$1&"""" -> DSUM('NHAN VIEN'!$E$5:$Q$2133,"8" | AE24: ="DSUM('NHAN VIEN'!$E$5:$Q$2133,"&""""&$AE$1&"""" -> DSUM('NHAN VIEN'!$E$5:$Q$2133,"9" | AF24: ="DSUM('NHAN VIEN'!$E$5:$Q$2133,"&""""&$AF$1&"""" -> DSUM('NHAN VIEN'!$E$5:$Q$2133,"10" | AG24: ="DSUM('NHAN VIEN'!$E$5:$Q$2133,"&""""&$AG$1&"""" -> DSUM('NHAN VIEN'!$E$5:$Q$2133,"11" | AH24: ="DSUM('NHAN VIEN'!$E$5:$Q$2133,"&""""&$AH$1&"""" -> DSUM('NHAN VIEN'!$E$5:$Q$2133,"12" | AI24: =W24&","&AV24&")" -> DSUM('NHAN VIEN'!$E$5:$Q$2133,"1",'NHAN VIEN'!$AA$11:$AA$12) | AJ24: =X24&","&AV24&")" -> DSUM('NHAN VIEN'!$E$5:$Q$2133,"2",'NHAN VIEN'!$AA$11:$AA$12) | AK24: =Y24&","&AV24&")" -> DSUM('NHAN VIEN'!$E$5:$Q$2133,"3",'NHAN VIEN'!$AA$11:$AA$12) | AL24: =Z24&","&AV24&")" -> DSUM('NHAN VIEN'!$E$5:$Q$2133,"4",'NHAN VIEN'!$AA$11:$AA$12) | AM24: =AA24&","&AV24&")" -> DSUM('NHAN VIEN'!$E$5:$Q$2133,"5",'NHAN VIEN'!$AA$11:$AA$12) | AN24: =AB24&","&AV24&")" -> DSUM('NHAN VIEN'!$E$5:$Q$2133,"6",'NHAN VIEN'!$AA$11:$AA$12) | AO24: =AC24&","&AV24&")" -> DSUM('NHAN VIEN'!$E$5:$Q$2133,"7",'NHAN VIEN'!$AA$11:$AA$12) | AP24: =AD24&","&AV24&")" -> DSUM('NHAN VIEN'!$E$5:$Q$2133,"8",'NHAN VIEN'!$AA$11:$AA$12) | AQ24: =AE24&","&AV24&")" -> DSUM('NHAN VIEN'!$E$5:$Q$2133,"9",'NHAN VIEN'!$AA$11:$AA$12) | AR24: =AF24&","&AV24&")" -> DSUM('NHAN VIEN'!$E$5:$Q$2133,"10",'NHAN VIEN'!$AA$11:$AA$12) | AS24: =AG24&","&AV24&")" -> DSUM('NHAN VIEN'!$E$5:$Q$2133,"11",'NHAN VIEN'!$AA$11:$AA$12) | AT24: =AH24&","&AV24&")" -> DSUM('NHAN VIEN'!$E$5:$Q$2133,"12",'NHAN VIEN'!$AA$11:$AA$12) | AV24: ="'NHAN VIEN'!$"&T24&"$"&U24&":$"&T24&"$"&V24 -> 'NHAN VIEN'!$AA$11:$AA$12 | AY24: ="="&AI24 -> =DSUM('NHAN VIEN'!$E$5:$Q$2133,"1",'NHAN VIEN'!$AA$11:$AA$12) | AZ24: ="="&AJ24 -> =DSUM('NHAN VIEN'!$E$5:$Q$2133,"2",'NHAN VIEN'!$AA$11:$AA$12) | BA24: ="="&AK24 -> =DSUM('NHAN VIEN'!$E$5:$Q$2133,"3",'NHAN VIEN'!$AA$11:$AA$12) | BB24: ="="&AL24 -> =DSUM('NHAN VIEN'!$E$5:$Q$2133,"4",'NHAN VIEN'!$AA$11:$AA$12) | BC24: ="="&AM24 -> =DSUM('NHAN VIEN'!$E$5:$Q$2133,"5",'NHAN VIEN'!$AA$11:$AA$12) | BD24: ="="&AN24 -> =DSUM('NHAN VIEN'!$E$5:$Q$2133,"6",'NHAN VIEN'!$AA$11:$AA$12) | BE24: ="="&AO24 -> =DSUM('NHAN VIEN'!$E$5:$Q$2133,"7",'NHAN VIEN'!$AA$11:$AA$12) | BF24: ="="&AP24 -> =DSUM('NHAN VIEN'!$E$5:$Q$2133,"8",'NHAN VIEN'!$AA$11:$AA$12) | ... BJ24: ="="&AT24 -> =DSUM('NHAN VIEN'!$E$5:$Q$2133,"12",'NHAN VIEN'!$AA$11:$AA$12) | BR24: =R24-'KHACH HANG'!S27 -> 0
B25: =B24+1 -> 23 | C25: =VLOOKUP(B25,DMSP!$A$1:$C$39,2,0) -> 6.BVTV | D25: =VLOOKUP(B25,DMSP!$A$1:$C$39,3,0) -> BIOROSAMIL | E25: =R25 -> 100 | F25: =DSUM('KHACH HANG'!$E$5:$R$2133,"1",'KHACH HANG'!$AC$11:$AC$12) -> 35 | G25: =DSUM('KHACH HANG'!$E$5:$R$2133,"2",'KHACH HANG'!$AC$11:$AC$12) -> 9 | H25: =DSUM('KHACH HANG'!$E$5:$R$2133,"3",'KHACH HANG'!$AC$11:$AC$12) -> 0 | I25: =DSUM('KHACH HANG'!$E$5:$R$2133,"4",'KHACH HANG'!$AC$11:$AC$12) -> 13 | J25: =DSUM('KHACH HANG'!$E$5:$R$2133,"5",'KHACH HANG'!$AC$11:$AC$12) -> 0 | K25: =DSUM('KHACH HANG'!$E$5:$R$2133,"6",'KHACH HANG'!$AC$11:$AC$12) -> 20 | L25: =DSUM('KHACH HANG'!$E$5:$R$2133,"7",'KHACH HANG'!$AC$11:$AC$12) -> 0 | M25: =DSUM('KHACH HANG'!$E$5:$R$2133,"8",'KHACH HANG'!$AC$11:$AC$12) -> 0 | N25: =DSUM('KHACH HANG'!$E$5:$R$2133,"9",'KHACH HANG'!$AC$11:$AC$12) -> 0 | O25: =DSUM('KHACH HANG'!$E$5:$R$2133,"10",'KHACH HANG'!$AC$11:$AC$12) -> 10 | P25: =DSUM('KHACH HANG'!$E$5:$R$2133,"11",'KHACH HANG'!$AC$11:$AC$12) -> 13 | Q25: =DSUM('KHACH HANG'!$E$5:$R$2133,"12",'KHACH HANG'!$AC$11:$AC$12) -> 0 | R25: =SUM(F25:Q25) -> 100 | T25: AB | U25: 11 | V25: 12 | W25: DSUM('NHAN VIEN'!$E$5:$Q$2133,"1" | X25: ="DSUM('NHAN VIEN'!$E$5:$Q$2133,"&""""&$X$1&"""" -> DSUM('NHAN VIEN'!$E$5:$Q$2133,"2" | Y25: ="DSUM('NHAN VIEN'!$E$5:$Q$2133,"&""""&$Y$1&"""" -> DSUM('NHAN VIEN'!$E$5:$Q$2133,"3" | Z25: ="DSUM('NHAN VIEN'!$E$5:$Q$2133,"&""""&$Z$1&"""" -> DSUM('NHAN VIEN'!$E$5:$Q$2133,"4" | AA25: ="DSUM('NHAN VIEN'!$E$5:$Q$2133,"&""""&$AA$1&"""" -> DSUM('NHAN VIEN'!$E$5:$Q$2133,"5" | AB25: ="DSUM('NHAN VIEN'!$E$5:$Q$2133,"&""""&$AB$1&"""" -> DSUM('NHAN VIEN'!$E$5:$Q$2133,"6" | AC25: ="DSUM('NHAN VIEN'!$E$5:$Q$2133,"&""""&$AC$1&"""" -> DSUM('NHAN VIEN'!$E$5:$Q$2133,"7" | AD25: ="DSUM('NHAN VIEN'!$E$5:$Q$2133,"&""""&$AD$1&"""" -> DSUM('NHAN VIEN'!$E$5:$Q$2133,"8" | AE25: ="DSUM('NHAN VIEN'!$E$5:$Q$2133,"&""""&$AE$1&"""" -> DSUM('NHAN VIEN'!$E$5:$Q$2133,"9" | AF25: ="DSUM('NHAN VIEN'!$E$5:$Q$2133,"&""""&$AF$1&"""" -> DSUM('NHAN VIEN'!$E$5:$Q$2133,"10" | AG25: ="DSUM('NHAN VIEN'!$E$5:$Q$2133,"&""""&$AG$1&"""" -> DSUM('NHAN VIEN'!$E$5:$Q$2133,"11" | AH25: ="DSUM('NHAN VIEN'!$E$5:$Q$2133,"&""""&$AH$1&"""" -> DSUM('NHAN VIEN'!$E$5:$Q$2133,"12" | AI25: =W25&","&AV25&")" -> DSUM('NHAN VIEN'!$E$5:$Q$2133,"1",'NHAN VIEN'!$AB$11:$AB$12) | AJ25: =X25&","&AV25&")" -> DSUM('NHAN VIEN'!$E$5:$Q$2133,"2",'NHAN VIEN'!$AB$11:$AB$12) | AK25: =Y25&","&AV25&")" -> DSUM('NHAN VIEN'!$E$5:$Q$2133,"3",'NHAN VIEN'!$AB$11:$AB$12) | AL25: =Z25&","&AV25&")" -> DSUM('NHAN VIEN'!$E$5:$Q$2133,"4",'NHAN VIEN'!$AB$11:$AB$12) | AM25: =AA25&","&AV25&")" -> DSUM('NHAN VIEN'!$E$5:$Q$2133,"5",'NHAN VIEN'!$AB$11:$AB$12) | AN25: =AB25&","&AV25&")" -> DSUM('NHAN VIEN'!$E$5:$Q$2133,"6",'NHAN VIEN'!$AB$11:$AB$12) | AO25: =AC25&","&AV25&")" -> DSUM('NHAN VIEN'!$E$5:$Q$2133,"7",'NHAN VIEN'!$AB$11:$AB$12) | AP25: =AD25&","&AV25&")" -> DSUM('NHAN VIEN'!$E$5:$Q$2133,"8",'NHAN VIEN'!$AB$11:$AB$12) | AQ25: =AE25&","&AV25&")" -> DSUM('NHAN VIEN'!$E$5:$Q$2133,"9",'NHAN VIEN'!$AB$11:$AB$12) | AR25: =AF25&","&AV25&")" -> DSUM('NHAN VIEN'!$E$5:$Q$2133,"10",'NHAN VIEN'!$AB$11:$AB$12) | AS25: =AG25&","&AV25&")" -> DSUM('NHAN VIEN'!$E$5:$Q$2133,"11",'NHAN VIEN'!$AB$11:$AB$12) | AT25: =AH25&","&AV25&")" -> DSUM('NHAN VIEN'!$E$5:$Q$2133,"12",'NHAN VIEN'!$AB$11:$AB$12) | AV25: ="'NHAN VIEN'!$"&T25&"$"&U25&":$"&T25&"$"&V25 -> 'NHAN VIEN'!$AB$11:$AB$12 | AY25: ="="&AI25 -> =DSUM('NHAN VIEN'!$E$5:$Q$2133,"1",'NHAN VIEN'!$AB$11:$AB$12) | AZ25: ="="&AJ25 -> =DSUM('NHAN VIEN'!$E$5:$Q$2133,"2",'NHAN VIEN'!$AB$11:$AB$12) | BA25: ="="&AK25 -> =DSUM('NHAN VIEN'!$E$5:$Q$2133,"3",'NHAN VIEN'!$AB$11:$AB$12) | BB25: ="="&AL25 -> =DSUM('NHAN VIEN'!$E$5:$Q$2133,"4",'NHAN VIEN'!$AB$11:$AB$12) | BC25: ="="&AM25 -> =DSUM('NHAN VIEN'!$E$5:$Q$2133,"5",'NHAN VIEN'!$AB$11:$AB$12) | BD25: ="="&AN25 -> =DSUM('NHAN VIEN'!$E$5:$Q$2133,"6",'NHAN VIEN'!$AB$11:$AB$12) | BE25: ="="&AO25 -> =DSUM('NHAN VIEN'!$E$5:$Q$2133,"7",'NHAN VIEN'!$AB$11:$AB$12) | BF25: ="="&AP25 -> =DSUM('NHAN VIEN'!$E$5:$Q$2133,"8",'NHAN VIEN'!$AB$11:$AB$12) | ... BJ25: ="="&AT25 -> =DSUM('NHAN VIEN'!$E$5:$Q$2133,"12",'NHAN VIEN'!$AB$11:$AB$12) | BR25: =R25-'KHACH HANG'!S28 -> 90
B26: =B25+1 -> 24 | C26: =VLOOKUP(B26,DMSP!$A$1:$C$39,2,0) -> 6.BVTV | D26: =VLOOKUP(B26,DMSP!$A$1:$C$39,3,0) -> COC 86 | E26: =R26 -> 0 | F26: =DSUM('KHACH HANG'!$E$5:$R$2133,"1",'KHACH HANG'!$AD$11:$AD$12) -> 0 | G26: =DSUM('KHACH HANG'!$E$5:$R$2133,"2",'KHACH HANG'!$AD$11:$AD$12) -> 0 | H26: =DSUM('KHACH HANG'!$E$5:$R$2133,"3",'KHACH HANG'!$AD$11:$AD$12) -> 0 | I26: =DSUM('KHACH HANG'!$E$5:$R$2133,"4",'KHACH HANG'!$AD$11:$AD$12) -> 0 | J26: =DSUM('KHACH HANG'!$E$5:$R$2133,"5",'KHACH HANG'!$AD$11:$AD$12) -> 0 | K26: =DSUM('KHACH HANG'!$E$5:$R$2133,"6",'KHACH HANG'!$AD$11:$AD$12) -> 0 | L26: =DSUM('KHACH HANG'!$E$5:$R$2133,"7",'KHACH HANG'!$AD$11:$AD$12) -> 0 | M26: =DSUM('KHACH HANG'!$E$5:$R$2133,"8",'KHACH HANG'!$AD$11:$AD$12) -> 0 | N26: =DSUM('KHACH HANG'!$E$5:$R$2133,"9",'KHACH HANG'!$AD$11:$AD$12) -> 0 | O26: =DSUM('KHACH HANG'!$E$5:$R$2133,"10",'KHACH HANG'!$AD$11:$AD$12) -> 0 | P26: =DSUM('KHACH HANG'!$E$5:$R$2133,"11",'KHACH HANG'!$AD$11:$AD$12) -> 0 | Q26: =DSUM('KHACH HANG'!$E$5:$R$2133,"12",'KHACH HANG'!$AD$11:$AD$12) -> 0 | R26: =SUM(F26:Q26) -> 0 | T26: AC | U26: 11 | V26: 12 | W26: DSUM('NHAN VIEN'!$E$5:$Q$2133,"1" | X26: ="DSUM('NHAN VIEN'!$E$5:$Q$2133,"&""""&$X$1&"""" -> DSUM('NHAN VIEN'!$E$5:$Q$2133,"2" | Y26: ="DSUM('NHAN VIEN'!$E$5:$Q$2133,"&""""&$Y$1&"""" -> DSUM('NHAN VIEN'!$E$5:$Q$2133,"3" | Z26: ="DSUM('NHAN VIEN'!$E$5:$Q$2133,"&""""&$Z$1&"""" -> DSUM('NHAN VIEN'!$E$5:$Q$2133,"4" | AA26: ="DSUM('NHAN VIEN'!$E$5:$Q$2133,"&""""&$AA$1&"""" -> DSUM('NHAN VIEN'!$E$5:$Q$2133,"5" | AB26: ="DSUM('NHAN VIEN'!$E$5:$Q$2133,"&""""&$AB$1&"""" -> DSUM('NHAN VIEN'!$E$5:$Q$2133,"6" | AC26: ="DSUM('NHAN VIEN'!$E$5:$Q$2133,"&""""&$AC$1&"""" -> DSUM('NHAN VIEN'!$E$5:$Q$2133,"7" | AD26: ="DSUM('NHAN VIEN'!$E$5:$Q$2133,"&""""&$AD$1&"""" -> DSUM('NHAN VIEN'!$E$5:$Q$2133,"8" | AE26: ="DSUM('NHAN VIEN'!$E$5:$Q$2133,"&""""&$AE$1&"""" -> DSUM('NHAN VIEN'!$E$5:$Q$2133,"9" | AF26: ="DSUM('NHAN VIEN'!$E$5:$Q$2133,"&""""&$AF$1&"""" -> DSUM('NHAN VIEN'!$E$5:$Q$2133,"10" | AG26: ="DSUM('NHAN VIEN'!$E$5:$Q$2133,"&""""&$AG$1&"""" -> DSUM('NHAN VIEN'!$E$5:$Q$2133,"11" | AH26: ="DSUM('NHAN VIEN'!$E$5:$Q$2133,"&""""&$AH$1&"""" -> DSUM('NHAN VIEN'!$E$5:$Q$2133,"12" | AI26: =W26&","&AV26&")" -> DSUM('NHAN VIEN'!$E$5:$Q$2133,"1",'NHAN VIEN'!$AC$11:$AC$12) | AJ26: =X26&","&AV26&")" -> DSUM('NHAN VIEN'!$E$5:$Q$2133,"2",'NHAN VIEN'!$AC$11:$AC$12) | AK26: =Y26&","&AV26&")" -> DSUM('NHAN VIEN'!$E$5:$Q$2133,"3",'NHAN VIEN'!$AC$11:$AC$12) | AL26: =Z26&","&AV26&")" -> DSUM('NHAN VIEN'!$E$5:$Q$2133,"4",'NHAN VIEN'!$AC$11:$AC$12) | AM26: =AA26&","&AV26&")" -> DSUM('NHAN VIEN'!$E$5:$Q$2133,"5",'NHAN VIEN'!$AC$11:$AC$12) | AN26: =AB26&","&AV26&")" -> DSUM('NHAN VIEN'!$E$5:$Q$2133,"6",'NHAN VIEN'!$AC$11:$AC$12) | AO26: =AC26&","&AV26&")" -> DSUM('NHAN VIEN'!$E$5:$Q$2133,"7",'NHAN VIEN'!$AC$11:$AC$12) | AP26: =AD26&","&AV26&")" -> DSUM('NHAN VIEN'!$E$5:$Q$2133,"8",'NHAN VIEN'!$AC$11:$AC$12) | AQ26: =AE26&","&AV26&")" -> DSUM('NHAN VIEN'!$E$5:$Q$2133,"9",'NHAN VIEN'!$AC$11:$AC$12) | AR26: =AF26&","&AV26&")" -> DSUM('NHAN VIEN'!$E$5:$Q$2133,"10",'NHAN VIEN'!$AC$11:$AC$12) | AS26: =AG26&","&AV26&")" -> DSUM('NHAN VIEN'!$E$5:$Q$2133,"11",'NHAN VIEN'!$AC$11:$AC$12) | AT26: =AH26&","&AV26&")" -> DSUM('NHAN VIEN'!$E$5:$Q$2133,"12",'NHAN VIEN'!$AC$11:$AC$12) | AV26: ="'NHAN VIEN'!$"&T26&"$"&U26&":$"&T26&"$"&V26 -> 'NHAN VIEN'!$AC$11:$AC$12 | AY26: ="="&AI26 -> =DSUM('NHAN VIEN'!$E$5:$Q$2133,"1",'NHAN VIEN'!$AC$11:$AC$12) | AZ26: ="="&AJ26 -> =DSUM('NHAN VIEN'!$E$5:$Q$2133,"2",'NHAN VIEN'!$AC$11:$AC$12) | BA26: ="="&AK26 -> =DSUM('NHAN VIEN'!$E$5:$Q$2133,"3",'NHAN VIEN'!$AC$11:$AC$12) | BB26: ="="&AL26 -> =DSUM('NHAN VIEN'!$E$5:$Q$2133,"4",'NHAN VIEN'!$AC$11:$AC$12) | BC26: ="="&AM26 -> =DSUM('NHAN VIEN'!$E$5:$Q$2133,"5",'NHAN VIEN'!$AC$11:$AC$12) | BD26: ="="&AN26 -> =DSUM('NHAN VIEN'!$E$5:$Q$2133,"6",'NHAN VIEN'!$AC$11:$AC$12) | BE26: ="="&AO26 -> =DSUM('NHAN VIEN'!$E$5:$Q$2133,"7",'NHAN VIEN'!$AC$11:$AC$12) | BF26: ="="&AP26 -> =DSUM('NHAN VIEN'!$E$5:$Q$2133,"8",'NHAN VIEN'!$AC$11:$AC$12) | ... BJ26: ="="&AT26 -> =DSUM('NHAN VIEN'!$E$5:$Q$2133,"12",'NHAN VIEN'!$AC$11:$AC$12) | BR26: =R26-'KHACH HANG'!S29 -> 0
B27: =B26+1 -> 25 | C27: =VLOOKUP(B27,DMSP!$A$1:$C$39,2,0) -> 6.BVTV | D27: =VLOOKUP(B27,DMSP!$A$1:$C$39,3,0) -> HEXA 5 | E27: =R27 -> 78 | F27: =DSUM('KHACH HANG'!$E$5:$R$2133,"1",'KHACH HANG'!$Y$13:$Y$14) -> 15 | G27: =DSUM('KHACH HANG'!$E$5:$R$2133,"2",'KHACH HANG'!$Y$13:$Y$14) -> 15 | H27: =DSUM('KHACH HANG'!$E$5:$R$2133,"3",'KHACH HANG'!$Y$13:$Y$14) -> 0 | I27: =DSUM('KHACH HANG'!$E$5:$R$2133,"4",'KHACH HANG'!$Y$13:$Y$14) -> 30 | J27: =DSUM('KHACH HANG'!$E$5:$R$2133,"5",'KHACH HANG'!$Y$13:$Y$14) -> 0 | K27: =DSUM('KHACH HANG'!$E$5:$R$2133,"6",'KHACH HANG'!$Y$13:$Y$14) -> 15 | L27: =DSUM('KHACH HANG'!$E$5:$R$2133,"7",'KHACH HANG'!$Y$13:$Y$14) -> 3 | M27: =DSUM('KHACH HANG'!$E$5:$R$2133,"8",'KHACH HANG'!$Y$13:$Y$14) -> 0 | N27: =DSUM('KHACH HANG'!$E$5:$R$2133,"9",'KHACH HANG'!$Y$13:$Y$14) -> 0 | O27: =DSUM('KHACH HANG'!$E$5:$R$2133,"10",'KHACH HANG'!$Y$13:$Y$14) -> 0 | P27: =DSUM('KHACH HANG'!$E$5:$R$2133,"11",'KHACH HANG'!$Y$13:$Y$14) -> 0 | Q27: =DSUM('KHACH HANG'!$E$5:$R$2133,"12",'KHACH HANG'!$Y$13:$Y$14) -> 0 | R27: =SUM(F27:Q27) -> 78 | T27: X | U27: 13 | V27: 14 | W27: DSUM('NHAN VIEN'!$E$5:$Q$2133,"1" | X27: ="DSUM('NHAN VIEN'!$E$5:$Q$2133,"&""""&$X$1&"""" -> DSUM('NHAN VIEN'!$E$5:$Q$2133,"2" | Y27: ="DSUM('NHAN VIEN'!$E$5:$Q$2133,"&""""&$Y$1&"""" -> DSUM('NHAN VIEN'!$E$5:$Q$2133,"3" | Z27: ="DSUM('NHAN VIEN'!$E$5:$Q$2133,"&""""&$Z$1&"""" -> DSUM('NHAN VIEN'!$E$5:$Q$2133,"4" | AA27: ="DSUM('NHAN VIEN'!$E$5:$Q$2133,"&""""&$AA$1&"""" -> DSUM('NHAN VIEN'!$E$5:$Q$2133,"5" | AB27: ="DSUM('NHAN VIEN'!$E$5:$Q$2133,"&""""&$AB$1&"""" -> DSUM('NHAN VIEN'!$E$5:$Q$2133,"6" | AC27: ="DSUM('NHAN VIEN'!$E$5:$Q$2133,"&""""&$AC$1&"""" -> DSUM('NHAN VIEN'!$E$5:$Q$2133,"7" | AD27: ="DSUM('NHAN VIEN'!$E$5:$Q$2133,"&""""&$AD$1&"""" -> DSUM('NHAN VIEN'!$E$5:$Q$2133,"8" | AE27: ="DSUM('NHAN VIEN'!$E$5:$Q$2133,"&""""&$AE$1&"""" -> DSUM('NHAN VIEN'!$E$5:$Q$2133,"9" | AF27: ="DSUM('NHAN VIEN'!$E$5:$Q$2133,"&""""&$AF$1&"""" -> DSUM('NHAN VIEN'!$E$5:$Q$2133,"10" | AG27: ="DSUM('NHAN VIEN'!$E$5:$Q$2133,"&""""&$AG$1&"""" -> DSUM('NHAN VIEN'!$E$5:$Q$2133,"11" | AH27: ="DSUM('NHAN VIEN'!$E$5:$Q$2133,"&""""&$AH$1&"""" -> DSUM('NHAN VIEN'!$E$5:$Q$2133,"12" | AI27: =W27&","&AV27&")" -> DSUM('NHAN VIEN'!$E$5:$Q$2133,"1",'NHAN VIEN'!$X$13:$X$14) | AJ27: =X27&","&AV27&")" -> DSUM('NHAN VIEN'!$E$5:$Q$2133,"2",'NHAN VIEN'!$X$13:$X$14) | AK27: =Y27&","&AV27&")" -> DSUM('NHAN VIEN'!$E$5:$Q$2133,"3",'NHAN VIEN'!$X$13:$X$14) | AL27: =Z27&","&AV27&")" -> DSUM('NHAN VIEN'!$E$5:$Q$2133,"4",'NHAN VIEN'!$X$13:$X$14) | AM27: =AA27&","&AV27&")" -> DSUM('NHAN VIEN'!$E$5:$Q$2133,"5",'NHAN VIEN'!$X$13:$X$14) | AN27: =AB27&","&AV27&")" -> DSUM('NHAN VIEN'!$E$5:$Q$2133,"6",'NHAN VIEN'!$X$13:$X$14) | AO27: =AC27&","&AV27&")" -> DSUM('NHAN VIEN'!$E$5:$Q$2133,"7",'NHAN VIEN'!$X$13:$X$14) | AP27: =AD27&","&AV27&")" -> DSUM('NHAN VIEN'!$E$5:$Q$2133,"8",'NHAN VIEN'!$X$13:$X$14) | AQ27: =AE27&","&AV27&")" -> DSUM('NHAN VIEN'!$E$5:$Q$2133,"9",'NHAN VIEN'!$X$13:$X$14) | AR27: =AF27&","&AV27&")" -> DSUM('NHAN VIEN'!$E$5:$Q$2133,"10",'NHAN VIEN'!$X$13:$X$14) | AS27: =AG27&","&AV27&")" -> DSUM('NHAN VIEN'!$E$5:$Q$2133,"11",'NHAN VIEN'!$X$13:$X$14) | AT27: =AH27&","&AV27&")" -> DSUM('NHAN VIEN'!$E$5:$Q$2133,"12",'NHAN VIEN'!$X$13:$X$14) | AV27: ="'NHAN VIEN'!$"&T27&"$"&U27&":$"&T27&"$"&V27 -> 'NHAN VIEN'!$X$13:$X$14 | AY27: ="="&AI27 -> =DSUM('NHAN VIEN'!$E$5:$Q$2133,"1",'NHAN VIEN'!$X$13:$X$14) | AZ27: ="="&AJ27 -> =DSUM('NHAN VIEN'!$E$5:$Q$2133,"2",'NHAN VIEN'!$X$13:$X$14) | BA27: ="="&AK27 -> =DSUM('NHAN VIEN'!$E$5:$Q$2133,"3",'NHAN VIEN'!$X$13:$X$14) | BB27: ="="&AL27 -> =DSUM('NHAN VIEN'!$E$5:$Q$2133,"4",'NHAN VIEN'!$X$13:$X$14) | BC27: ="="&AM27 -> =DSUM('NHAN VIEN'!$E$5:$Q$2133,"5",'NHAN VIEN'!$X$13:$X$14) | BD27: ="="&AN27 -> =DSUM('NHAN VIEN'!$E$5:$Q$2133,"6",'NHAN VIEN'!$X$13:$X$14) | BE27: ="="&AO27 -> =DSUM('NHAN VIEN'!$E$5:$Q$2133,"7",'NHAN VIEN'!$X$13:$X$14) | BF27: ="="&AP27 -> =DSUM('NHAN VIEN'!$E$5:$Q$2133,"8",'NHAN VIEN'!$X$13:$X$14) | ... BJ27: ="="&AT27 -> =DSUM('NHAN VIEN'!$E$5:$Q$2133,"12",'NHAN VIEN'!$X$13:$X$14) | BR27: =R27-'KHACH HANG'!S30 -> 3
B28: =B27+1 -> 26 | C28: =VLOOKUP(B28,DMSP!$A$1:$C$39,2,0) -> 6.BVTV | D28: =VLOOKUP(B28,DMSP!$A$1:$C$39,3,0) -> TAMALA | E28: =R28 -> 0 | F28: =DSUM('KHACH HANG'!$E$5:$R$2133,"1",'KHACH HANG'!$Z$13:$Z$14) -> 0 | G28: =DSUM('KHACH HANG'!$E$5:$R$2133,"2",'KHACH HANG'!$Z$13:$Z$14) -> 0 | H28: =DSUM('KHACH HANG'!$E$5:$R$2133,"3",'KHACH HANG'!$Z$13:$Z$14) -> 0 | I28: =DSUM('KHACH HANG'!$E$5:$R$2133,"4",'KHACH HANG'!$Z$13:$Z$14) -> 0 | J28: =DSUM('KHACH HANG'!$E$5:$R$2133,"5",'KHACH HANG'!$Z$13:$Z$14) -> 0 | K28: =DSUM('KHACH HANG'!$E$5:$R$2133,"6",'KHACH HANG'!$Z$13:$Z$14) -> 0 | L28: =DSUM('KHACH HANG'!$E$5:$R$2133,"7",'KHACH HANG'!$Z$13:$Z$14) -> 0 | M28: =DSUM('KHACH HANG'!$E$5:$R$2133,"8",'KHACH HANG'!$Z$13:$Z$14) -> 0 | N28: =DSUM('KHACH HANG'!$E$5:$R$2133,"9",'KHACH HANG'!$Z$13:$Z$14) -> 0 | O28: =DSUM('KHACH HANG'!$E$5:$R$2133,"10",'KHACH HANG'!$Z$13:$Z$14) -> 0 | P28: =DSUM('KHACH HANG'!$E$5:$R$2133,"11",'KHACH HANG'!$Z$13:$Z$14) -> 0 | Q28: =DSUM('KHACH HANG'!$E$5:$R$2133,"12",'KHACH HANG'!$Z$13:$Z$14) -> 0 | R28: =SUM(F28:Q28) -> 0 | T28: Y | U28: 13 | V28: 14 | W28: DSUM('NHAN VIEN'!$E$5:$Q$2133,"1" | X28: ="DSUM('NHAN VIEN'!$E$5:$Q$2133,"&""""&$X$1&"""" -> DSUM('NHAN VIEN'!$E$5:$Q$2133,"2" | Y28: ="DSUM('NHAN VIEN'!$E$5:$Q$2133,"&""""&$Y$1&"""" -> DSUM('NHAN VIEN'!$E$5:$Q$2133,"3" | Z28: ="DSUM('NHAN VIEN'!$E$5:$Q$2133,"&""""&$Z$1&"""" -> DSUM('NHAN VIEN'!$E$5:$Q$2133,"4" | AA28: ="DSUM('NHAN VIEN'!$E$5:$Q$2133,"&""""&$AA$1&"""" -> DSUM('NHAN VIEN'!$E$5:$Q$2133,"5" | AB28: ="DSUM('NHAN VIEN'!$E$5:$Q$2133,"&""""&$AB$1&"""" -> DSUM('NHAN VIEN'!$E$5:$Q$2133,"6" | AC28: ="DSUM('NHAN VIEN'!$E$5:$Q$2133,"&""""&$AC$1&"""" -> DSUM('NHAN VIEN'!$E$5:$Q$2133,"7" | AD28: ="DSUM('NHAN VIEN'!$E$5:$Q$2133,"&""""&$AD$1&"""" -> DSUM('NHAN VIEN'!$E$5:$Q$2133,"8" | AE28: ="DSUM('NHAN VIEN'!$E$5:$Q$2133,"&""""&$AE$1&"""" -> DSUM('NHAN VIEN'!$E$5:$Q$2133,"9" | AF28: ="DSUM('NHAN VIEN'!$E$5:$Q$2133,"&""""&$AF$1&"""" -> DSUM('NHAN VIEN'!$E$5:$Q$2133,"10" | AG28: ="DSUM('NHAN VIEN'!$E$5:$Q$2133,"&""""&$AG$1&"""" -> DSUM('NHAN VIEN'!$E$5:$Q$2133,"11" | AH28: ="DSUM('NHAN VIEN'!$E$5:$Q$2133,"&""""&$AH$1&"""" -> DSUM('NHAN VIEN'!$E$5:$Q$2133,"12" | AI28: =W28&","&AV28&")" -> DSUM('NHAN VIEN'!$E$5:$Q$2133,"1",'NHAN VIEN'!$Y$13:$Y$14) | AJ28: =X28&","&AV28&")" -> DSUM('NHAN VIEN'!$E$5:$Q$2133,"2",'NHAN VIEN'!$Y$13:$Y$14) | AK28: =Y28&","&AV28&")" -> DSUM('NHAN VIEN'!$E$5:$Q$2133,"3",'NHAN VIEN'!$Y$13:$Y$14) | AL28: =Z28&","&AV28&")" -> DSUM('NHAN VIEN'!$E$5:$Q$2133,"4",'NHAN VIEN'!$Y$13:$Y$14) | AM28: =AA28&","&AV28&")" -> DSUM('NHAN VIEN'!$E$5:$Q$2133,"5",'NHAN VIEN'!$Y$13:$Y$14) | AN28: =AB28&","&AV28&")" -> DSUM('NHAN VIEN'!$E$5:$Q$2133,"6",'NHAN VIEN'!$Y$13:$Y$14) | AO28: =AC28&","&AV28&")" -> DSUM('NHAN VIEN'!$E$5:$Q$2133,"7",'NHAN VIEN'!$Y$13:$Y$14) | AP28: =AD28&","&AV28&")" -> DSUM('NHAN VIEN'!$E$5:$Q$2133,"8",'NHAN VIEN'!$Y$13:$Y$14) | AQ28: =AE28&","&AV28&")" -> DSUM('NHAN VIEN'!$E$5:$Q$2133,"9",'NHAN VIEN'!$Y$13:$Y$14) | AR28: =AF28&","&AV28&")" -> DSUM('NHAN VIEN'!$E$5:$Q$2133,"10",'NHAN VIEN'!$Y$13:$Y$14) | AS28: =AG28&","&AV28&")" -> DSUM('NHAN VIEN'!$E$5:$Q$2133,"11",'NHAN VIEN'!$Y$13:$Y$14) | AT28: =AH28&","&AV28&")" -> DSUM('NHAN VIEN'!$E$5:$Q$2133,"12",'NHAN VIEN'!$Y$13:$Y$14) | AV28: ="'NHAN VIEN'!$"&T28&"$"&U28&":$"&T28&"$"&V28 -> 'NHAN VIEN'!$Y$13:$Y$14 | AY28: ="="&AI28 -> =DSUM('NHAN VIEN'!$E$5:$Q$2133,"1",'NHAN VIEN'!$Y$13:$Y$14) | AZ28: ="="&AJ28 -> =DSUM('NHAN VIEN'!$E$5:$Q$2133,"2",'NHAN VIEN'!$Y$13:$Y$14) | BA28: ="="&AK28 -> =DSUM('NHAN VIEN'!$E$5:$Q$2133,"3",'NHAN VIEN'!$Y$13:$Y$14) | BB28: ="="&AL28 -> =DSUM('NHAN VIEN'!$E$5:$Q$2133,"4",'NHAN VIEN'!$Y$13:$Y$14) | BC28: ="="&AM28 -> =DSUM('NHAN VIEN'!$E$5:$Q$2133,"5",'NHAN VIEN'!$Y$13:$Y$14) | BD28: ="="&AN28 -> =DSUM('NHAN VIEN'!$E$5:$Q$2133,"6",'NHAN VIEN'!$Y$13:$Y$14) | BE28: ="="&AO28 -> =DSUM('NHAN VIEN'!$E$5:$Q$2133,"7",'NHAN VIEN'!$Y$13:$Y$14) | BF28: ="="&AP28 -> =DSUM('NHAN VIEN'!$E$5:$Q$2133,"8",'NHAN VIEN'!$Y$13:$Y$14) | ... BJ28: ="="&AT28 -> =DSUM('NHAN VIEN'!$E$5:$Q$2133,"12",'NHAN VIEN'!$Y$13:$Y$14) | BR28: =R28-'KHACH HANG'!S31 -> 0
B29: =B28+1 -> 27 | C29: =VLOOKUP(B29,DMSP!$A$1:$C$39,2,0) -> 7.KHÁC | D29: =VLOOKUP(B29,DMSP!$A$1:$C$39,3,0) -> KẼM VÀNG | E29: =R29 -> 0 | F29: =DSUM('KHACH HANG'!$E$5:$R$2133,"1",'KHACH HANG'!$AA$13:$AA$14) -> 0 | G29: =DSUM('KHACH HANG'!$E$5:$R$2133,"2",'KHACH HANG'!$AA$13:$AA$14) -> 0 | H29: =DSUM('KHACH HANG'!$E$5:$R$2133,"3",'KHACH HANG'!$AA$13:$AA$14) -> 0 | I29: =DSUM('KHACH HANG'!$E$5:$R$2133,"4",'KHACH HANG'!$AA$13:$AA$14) -> 0 | J29: =DSUM('KHACH HANG'!$E$5:$R$2133,"5",'KHACH HANG'!$AA$13:$AA$14) -> 0 | K29: =DSUM('KHACH HANG'!$E$5:$R$2133,"6",'KHACH HANG'!$AA$13:$AA$14) -> 0 | L29: =DSUM('KHACH HANG'!$E$5:$R$2133,"7",'KHACH HANG'!$AA$13:$AA$14) -> 0 | M29: =DSUM('KHACH HANG'!$E$5:$R$2133,"8",'KHACH HANG'!$AA$13:$AA$14) -> 0 | N29: =DSUM('KHACH HANG'!$E$5:$R$2133,"9",'KHACH HANG'!$AA$13:$AA$14) -> 0 | O29: =DSUM('KHACH HANG'!$E$5:$R$2133,"10",'KHACH HANG'!$AA$13:$AA$14) -> 0 | P29: =DSUM('KHACH HANG'!$E$5:$R$2133,"11",'KHACH HANG'!$AA$13:$AA$14) -> 0 | Q29: =DSUM('KHACH HANG'!$E$5:$R$2133,"12",'KHACH HANG'!$AA$13:$AA$14) -> 0 | R29: =SUM(F29:Q29) -> 0 | T29: Z | U29: 13 | V29: 14 | W29: DSUM('NHAN VIEN'!$E$5:$Q$2133,"1" | X29: ="DSUM('NHAN VIEN'!$E$5:$Q$2133,"&""""&$X$1&"""" -> DSUM('NHAN VIEN'!$E$5:$Q$2133,"2" | Y29: ="DSUM('NHAN VIEN'!$E$5:$Q$2133,"&""""&$Y$1&"""" -> DSUM('NHAN VIEN'!$E$5:$Q$2133,"3" | Z29: ="DSUM('NHAN VIEN'!$E$5:$Q$2133,"&""""&$Z$1&"""" -> DSUM('NHAN VIEN'!$E$5:$Q$2133,"4" | AA29: ="DSUM('NHAN VIEN'!$E$5:$Q$2133,"&""""&$AA$1&"""" -> DSUM('NHAN VIEN'!$E$5:$Q$2133,"5" | AB29: ="DSUM('NHAN VIEN'!$E$5:$Q$2133,"&""""&$AB$1&"""" -> DSUM('NHAN VIEN'!$E$5:$Q$2133,"6" | AC29: ="DSUM('NHAN VIEN'!$E$5:$Q$2133,"&""""&$AC$1&"""" -> DSUM('NHAN VIEN'!$E$5:$Q$2133,"7" | AD29: ="DSUM('NHAN VIEN'!$E$5:$Q$2133,"&""""&$AD$1&"""" -> DSUM('NHAN VIEN'!$E$5:$Q$2133,"8" | AE29: ="DSUM('NHAN VIEN'!$E$5:$Q$2133,"&""""&$AE$1&"""" -> DSUM('NHAN VIEN'!$E$5:$Q$2133,"9" | AF29: ="DSUM('NHAN VIEN'!$E$5:$Q$2133,"&""""&$AF$1&"""" -> DSUM('NHAN VIEN'!$E$5:$Q$2133,"10" | AG29: ="DSUM('NHAN VIEN'!$E$5:$Q$2133,"&""""&$AG$1&"""" -> DSUM('NHAN VIEN'!$E$5:$Q$2133,"11" | AH29: ="DSUM('NHAN VIEN'!$E$5:$Q$2133,"&""""&$AH$1&"""" -> DSUM('NHAN VIEN'!$E$5:$Q$2133,"12" | AI29: =W29&","&AV29&")" -> DSUM('NHAN VIEN'!$E$5:$Q$2133,"1",'NHAN VIEN'!$Z$13:$Z$14) | AJ29: =X29&","&AV29&")" -> DSUM('NHAN VIEN'!$E$5:$Q$2133,"2",'NHAN VIEN'!$Z$13:$Z$14) | AK29: =Y29&","&AV29&")" -> DSUM('NHAN VIEN'!$E$5:$Q$2133,"3",'NHAN VIEN'!$Z$13:$Z$14) | AL29: =Z29&","&AV29&")" -> DSUM('NHAN VIEN'!$E$5:$Q$2133,"4",'NHAN VIEN'!$Z$13:$Z$14) | AM29: =AA29&","&AV29&")" -> DSUM('NHAN VIEN'!$E$5:$Q$2133,"5",'NHAN VIEN'!$Z$13:$Z$14) | AN29: =AB29&","&AV29&")" -> DSUM('NHAN VIEN'!$E$5:$Q$2133,"6",'NHAN VIEN'!$Z$13:$Z$14) | AO29: =AC29&","&AV29&")" -> DSUM('NHAN VIEN'!$E$5:$Q$2133,"7",'NHAN VIEN'!$Z$13:$Z$14) | AP29: =AD29&","&AV29&")" -> DSUM('NHAN VIEN'!$E$5:$Q$2133,"8",'NHAN VIEN'!$Z$13:$Z$14) | AQ29: =AE29&","&AV29&")" -> DSUM('NHAN VIEN'!$E$5:$Q$2133,"9",'NHAN VIEN'!$Z$13:$Z$14) | AR29: =AF29&","&AV29&")" -> DSUM('NHAN VIEN'!$E$5:$Q$2133,"10",'NHAN VIEN'!$Z$13:$Z$14) | AS29: =AG29&","&AV29&")" -> DSUM('NHAN VIEN'!$E$5:$Q$2133,"11",'NHAN VIEN'!$Z$13:$Z$14) | AT29: =AH29&","&AV29&")" -> DSUM('NHAN VIEN'!$E$5:$Q$2133,"12",'NHAN VIEN'!$Z$13:$Z$14) | AV29: ="'NHAN VIEN'!$"&T29&"$"&U29&":$"&T29&"$"&V29 -> 'NHAN VIEN'!$Z$13:$Z$14 | AY29: ="="&AI29 -> =DSUM('NHAN VIEN'!$E$5:$Q$2133,"1",'NHAN VIEN'!$Z$13:$Z$14) | AZ29: ="="&AJ29 -> =DSUM('NHAN VIEN'!$E$5:$Q$2133,"2",'NHAN VIEN'!$Z$13:$Z$14) | BA29: ="="&AK29 -> =DSUM('NHAN VIEN'!$E$5:$Q$2133,"3",'NHAN VIEN'!$Z$13:$Z$14) | BB29: ="="&AL29 -> =DSUM('NHAN VIEN'!$E$5:$Q$2133,"4",'NHAN VIEN'!$Z$13:$Z$14) | BC29: ="="&AM29 -> =DSUM('NHAN VIEN'!$E$5:$Q$2133,"5",'NHAN VIEN'!$Z$13:$Z$14) | BD29: ="="&AN29 -> =DSUM('NHAN VIEN'!$E$5:$Q$2133,"6",'NHAN VIEN'!$Z$13:$Z$14) | BE29: ="="&AO29 -> =DSUM('NHAN VIEN'!$E$5:$Q$2133,"7",'NHAN VIEN'!$Z$13:$Z$14) | BF29: ="="&AP29 -> =DSUM('NHAN VIEN'!$E$5:$Q$2133,"8",'NHAN VIEN'!$Z$13:$Z$14) | ... BJ29: ="="&AT29 -> =DSUM('NHAN VIEN'!$E$5:$Q$2133,"12",'NHAN VIEN'!$Z$13:$Z$14) | BR29: =R29-'KHACH HANG'!S32 -> 0
B30: =B29+1 -> 28 | C30: =VLOOKUP(B30,DMSP!$A$1:$C$39,2,0) -> 7.KHÁC | D30: =VLOOKUP(B30,DMSP!$A$1:$C$39,3,0) -> KHÁC1 | E30: =R30 -> 433 | F30: =DSUM('KHACH HANG'!$E$5:$R$2133,"1",'KHACH HANG'!$AB$13:$AB$14) -> 102 | G30: =DSUM('KHACH HANG'!$E$5:$R$2133,"2",'KHACH HANG'!$AB$13:$AB$14) -> 27 | H30: =DSUM('KHACH HANG'!$E$5:$R$2133,"3",'KHACH HANG'!$AB$13:$AB$14) -> 88 | I30: =DSUM('KHACH HANG'!$E$5:$R$2133,"4",'KHACH HANG'!$AB$13:$AB$14) -> 78 | J30: =DSUM('KHACH HANG'!$E$5:$R$2133,"5",'KHACH HANG'!$AB$13:$AB$14) -> 27 | K30: =DSUM('KHACH HANG'!$E$5:$R$2133,"6",'KHACH HANG'!$AB$13:$AB$14) -> 9 | L30: =DSUM('KHACH HANG'!$E$5:$R$2133,"7",'KHACH HANG'!$AB$13:$AB$14) -> 0 | M30: =DSUM('KHACH HANG'!$E$5:$R$2133,"8",'KHACH HANG'!$AB$13:$AB$14) -> 0 | N30: =DSUM('KHACH HANG'!$E$5:$R$2133,"9",'KHACH HANG'!$AB$13:$AB$14) -> 0 | O30: =DSUM('KHACH HANG'!$E$5:$R$2133,"10",'KHACH HANG'!$AB$13:$AB$14) -> 0 | P30: =DSUM('KHACH HANG'!$E$5:$R$2133,"11",'KHACH HANG'!$AB$13:$AB$14) -> 24 | Q30: =DSUM('KHACH HANG'!$E$5:$R$2133,"12",'KHACH HANG'!$AB$13:$AB$14) -> 78 | R30: =SUM(F30:Q30) -> 433 | T30: AA | U30: 13 | V30: 14 | W30: DSUM('NHAN VIEN'!$E$5:$Q$2133,"1" | X30: ="DSUM('NHAN VIEN'!$E$5:$Q$2133,"&""""&$X$1&"""" -> DSUM('NHAN VIEN'!$E$5:$Q$2133,"2" | Y30: ="DSUM('NHAN VIEN'!$E$5:$Q$2133,"&""""&$Y$1&"""" -> DSUM('NHAN VIEN'!$E$5:$Q$2133,"3" | Z30: ="DSUM('NHAN VIEN'!$E$5:$Q$2133,"&""""&$Z$1&"""" -> DSUM('NHAN VIEN'!$E$5:$Q$2133,"4" | AA30: ="DSUM('NHAN VIEN'!$E$5:$Q$2133,"&""""&$AA$1&"""" -> DSUM('NHAN VIEN'!$E$5:$Q$2133,"5" | AB30: ="DSUM('NHAN VIEN'!$E$5:$Q$2133,"&""""&$AB$1&"""" -> DSUM('NHAN VIEN'!$E$5:$Q$2133,"6" | AC30: ="DSUM('NHAN VIEN'!$E$5:$Q$2133,"&""""&$AC$1&"""" -> DSUM('NHAN VIEN'!$E$5:$Q$2133,"7" | AD30: ="DSUM('NHAN VIEN'!$E$5:$Q$2133,"&""""&$AD$1&"""" -> DSUM('NHAN VIEN'!$E$5:$Q$2133,"8" | AE30: ="DSUM('NHAN VIEN'!$E$5:$Q$2133,"&""""&$AE$1&"""" -> DSUM('NHAN VIEN'!$E$5:$Q$2133,"9" | AF30: ="DSUM('NHAN VIEN'!$E$5:$Q$2133,"&""""&$AF$1&"""" -> DSUM('NHAN VIEN'!$E$5:$Q$2133,"10" | AG30: ="DSUM('NHAN VIEN'!$E$5:$Q$2133,"&""""&$AG$1&"""" -> DSUM('NHAN VIEN'!$E$5:$Q$2133,"11" | AH30: ="DSUM('NHAN VIEN'!$E$5:$Q$2133,"&""""&$AH$1&"""" -> DSUM('NHAN VIEN'!$E$5:$Q$2133,"12" | AI30: =W30&","&AV30&")" -> DSUM('NHAN VIEN'!$E$5:$Q$2133,"1",'NHAN VIEN'!$AA$13:$AA$14) | AJ30: =X30&","&AV30&")" -> DSUM('NHAN VIEN'!$E$5:$Q$2133,"2",'NHAN VIEN'!$AA$13:$AA$14) | AK30: =Y30&","&AV30&")" -> DSUM('NHAN VIEN'!$E$5:$Q$2133,"3",'NHAN VIEN'!$AA$13:$AA$14) | AL30: =Z30&","&AV30&")" -> DSUM('NHAN VIEN'!$E$5:$Q$2133,"4",'NHAN VIEN'!$AA$13:$AA$14) | AM30: =AA30&","&AV30&")" -> DSUM('NHAN VIEN'!$E$5:$Q$2133,"5",'NHAN VIEN'!$AA$13:$AA$14) | AN30: =AB30&","&AV30&")" -> DSUM('NHAN VIEN'!$E$5:$Q$2133,"6",'NHAN VIEN'!$AA$13:$AA$14) | AO30: =AC30&","&AV30&")" -> DSUM('NHAN VIEN'!$E$5:$Q$2133,"7",'NHAN VIEN'!$AA$13:$AA$14) | AP30: =AD30&","&AV30&")" -> DSUM('NHAN VIEN'!$E$5:$Q$2133,"8",'NHAN VIEN'!$AA$13:$AA$14) | AQ30: =AE30&","&AV30&")" -> DSUM('NHAN VIEN'!$E$5:$Q$2133,"9",'NHAN VIEN'!$AA$13:$AA$14) | AR30: =AF30&","&AV30&")" -> DSUM('NHAN VIEN'!$E$5:$Q$2133,"10",'NHAN VIEN'!$AA$13:$AA$14) | AS30: =AG30&","&AV30&")" -> DSUM('NHAN VIEN'!$E$5:$Q$2133,"11",'NHAN VIEN'!$AA$13:$AA$14) | AT30: =AH30&","&AV30&")" -> DSUM('NHAN VIEN'!$E$5:$Q$2133,"12",'NHAN VIEN'!$AA$13:$AA$14) | AV30: ="'NHAN VIEN'!$"&T30&"$"&U30&":$"&T30&"$"&V30 -> 'NHAN VIEN'!$AA$13:$AA$14 | AY30: ="="&AI30 -> =DSUM('NHAN VIEN'!$E$5:$Q$2133,"1",'NHAN VIEN'!$AA$13:$AA$14) | AZ30: ="="&AJ30 -> =DSUM('NHAN VIEN'!$E$5:$Q$2133,"2",'NHAN VIEN'!$AA$13:$AA$14) | BA30: ="="&AK30 -> =DSUM('NHAN VIEN'!$E$5:$Q$2133,"3",'NHAN VIEN'!$AA$13:$AA$14) | BB30: ="="&AL30 -> =DSUM('NHAN VIEN'!$E$5:$Q$2133,"4",'NHAN VIEN'!$AA$13:$AA$14) | BC30: ="="&AM30 -> =DSUM('NHAN VIEN'!$E$5:$Q$2133,"5",'NHAN VIEN'!$AA$13:$AA$14) | BD30: ="="&AN30 -> =DSUM('NHAN VIEN'!$E$5:$Q$2133,"6",'NHAN VIEN'!$AA$13:$AA$14) | BE30: ="="&AO30 -> =DSUM('NHAN VIEN'!$E$5:$Q$2133,"7",'NHAN VIEN'!$AA$13:$AA$14) | BF30: ="="&AP30 -> =DSUM('NHAN VIEN'!$E$5:$Q$2133,"8",'NHAN VIEN'!$AA$13:$AA$14) | ... BJ30: ="="&AT30 -> =DSUM('NHAN VIEN'!$E$5:$Q$2133,"12",'NHAN VIEN'!$AA$13:$AA$14) | BR30: =R30-'KHACH HANG'!S33 -> 377
B31: =B30+1 -> 29 | C31: =VLOOKUP(B31,DMSP!$A$1:$C$39,2,0) -> 7.KHÁC | D31: REACH | E31: =R31 -> 324 | F31: =DSUM('KHACH HANG'!$E$5:$R$2133,"1",'KHACH HANG'!$AC$13:$AC$14) -> 23 | G31: =DSUM('KHACH HANG'!$E$5:$R$2133,"2",'KHACH HANG'!$AC$13:$AC$14) -> 68 | H31: =DSUM('KHACH HANG'!$E$5:$R$2133,"3",'KHACH HANG'!$AC$13:$AC$14) -> 0 | I31: =DSUM('KHACH HANG'!$E$5:$R$2133,"4",'KHACH HANG'!$AC$13:$AC$14) -> 46 | J31: =DSUM('KHACH HANG'!$E$5:$R$2133,"5",'KHACH HANG'!$AC$13:$AC$14) -> 27 | K31: =DSUM('KHACH HANG'!$E$5:$R$2133,"6",'KHACH HANG'!$AC$13:$AC$14) -> 0 | L31: =DSUM('KHACH HANG'!$E$5:$R$2133,"7",'KHACH HANG'!$AC$13:$AC$14) -> 57 | M31: =DSUM('KHACH HANG'!$E$5:$R$2133,"8",'KHACH HANG'!$AC$13:$AC$14) -> 8 | N31: =DSUM('KHACH HANG'!$E$5:$R$2133,"9",'KHACH HANG'!$AC$13:$AC$14) -> 0 | O31: =DSUM('KHACH HANG'!$E$5:$R$2133,"10",'KHACH HANG'!$AC$13:$AC$14) -> 0 | P31: =DSUM('KHACH HANG'!$E$5:$R$2133,"11",'KHACH HANG'!$AC$13:$AC$14) -> 57 | Q31: =DSUM('KHACH HANG'!$E$5:$R$2133,"12",'KHACH HANG'!$AC$13:$AC$14) -> 38 | R31: =SUM(F31:Q31) -> 324 | T31: AB | U31: 13 | V31: 14 | W31: DSUM('NHAN VIEN'!$E$5:$Q$2133,"1" | X31: ="DSUM('NHAN VIEN'!$E$5:$Q$2133,"&""""&$X$1&"""" -> DSUM('NHAN VIEN'!$E$5:$Q$2133,"2" | Y31: ="DSUM('NHAN VIEN'!$E$5:$Q$2133,"&""""&$Y$1&"""" -> DSUM('NHAN VIEN'!$E$5:$Q$2133,"3" | Z31: ="DSUM('NHAN VIEN'!$E$5:$Q$2133,"&""""&$Z$1&"""" -> DSUM('NHAN VIEN'!$E$5:$Q$2133,"4" | AA31: ="DSUM('NHAN VIEN'!$E$5:$Q$2133,"&""""&$AA$1&"""" -> DSUM('NHAN VIEN'!$E$5:$Q$2133,"5" | AB31: ="DSUM('NHAN VIEN'!$E$5:$Q$2133,"&""""&$AB$1&"""" -> DSUM('NHAN VIEN'!$E$5:$Q$2133,"6" | AC31: ="DSUM('NHAN VIEN'!$E$5:$Q$2133,"&""""&$AC$1&"""" -> DSUM('NHAN VIEN'!$E$5:$Q$2133,"7" | AD31: ="DSUM('NHAN VIEN'!$E$5:$Q$2133,"&""""&$AD$1&"""" -> DSUM('NHAN VIEN'!$E$5:$Q$2133,"8" | AE31: ="DSUM('NHAN VIEN'!$E$5:$Q$2133,"&""""&$AE$1&"""" -> DSUM('NHAN VIEN'!$E$5:$Q$2133,"9" | AF31: ="DSUM('NHAN VIEN'!$E$5:$Q$2133,"&""""&$AF$1&"""" -> DSUM('NHAN VIEN'!$E$5:$Q$2133,"10" | AG31: ="DSUM('NHAN VIEN'!$E$5:$Q$2133,"&""""&$AG$1&"""" -> DSUM('NHAN VIEN'!$E$5:$Q$2133,"11" | AH31: ="DSUM('NHAN VIEN'!$E$5:$Q$2133,"&""""&$AH$1&"""" -> DSUM('NHAN VIEN'!$E$5:$Q$2133,"12" | AI31: =W31&","&AV31&")" -> DSUM('NHAN VIEN'!$E$5:$Q$2133,"1",'NHAN VIEN'!$AB$13:$AB$14) | AJ31: =X31&","&AV31&")" -> DSUM('NHAN VIEN'!$E$5:$Q$2133,"2",'NHAN VIEN'!$AB$13:$AB$14) | AK31: =Y31&","&AV31&")" -> DSUM('NHAN VIEN'!$E$5:$Q$2133,"3",'NHAN VIEN'!$AB$13:$AB$14) | AL31: =Z31&","&AV31&")" -> DSUM('NHAN VIEN'!$E$5:$Q$2133,"4",'NHAN VIEN'!$AB$13:$AB$14) | AM31: =AA31&","&AV31&")" -> DSUM('NHAN VIEN'!$E$5:$Q$2133,"5",'NHAN VIEN'!$AB$13:$AB$14) | AN31: =AB31&","&AV31&")" -> DSUM('NHAN VIEN'!$E$5:$Q$2133,"6",'NHAN VIEN'!$AB$13:$AB$14) | AO31: =AC31&","&AV31&")" -> DSUM('NHAN VIEN'!$E$5:$Q$2133,"7",'NHAN VIEN'!$AB$13:$AB$14) | AP31: =AD31&","&AV31&")" -> DSUM('NHAN VIEN'!$E$5:$Q$2133,"8",'NHAN VIEN'!$AB$13:$AB$14) | AQ31: =AE31&","&AV31&")" -> DSUM('NHAN VIEN'!$E$5:$Q$2133,"9",'NHAN VIEN'!$AB$13:$AB$14) | AR31: =AF31&","&AV31&")" -> DSUM('NHAN VIEN'!$E$5:$Q$2133,"10",'NHAN VIEN'!$AB$13:$AB$14) | AS31: =AG31&","&AV31&")" -> DSUM('NHAN VIEN'!$E$5:$Q$2133,"11",'NHAN VIEN'!$AB$13:$AB$14) | AT31: =AH31&","&AV31&")" -> DSUM('NHAN VIEN'!$E$5:$Q$2133,"12",'NHAN VIEN'!$AB$13:$AB$14) | AV31: ="'NHAN VIEN'!$"&T31&"$"&U31&":$"&T31&"$"&V31 -> 'NHAN VIEN'!$AB$13:$AB$14 | AY31: ="="&AI31 -> =DSUM('NHAN VIEN'!$E$5:$Q$2133,"1",'NHAN VIEN'!$AB$13:$AB$14) | AZ31: ="="&AJ31 -> =DSUM('NHAN VIEN'!$E$5:$Q$2133,"2",'NHAN VIEN'!$AB$13:$AB$14) | BA31: ="="&AK31 -> =DSUM('NHAN VIEN'!$E$5:$Q$2133,"3",'NHAN VIEN'!$AB$13:$AB$14) | BB31: ="="&AL31 -> =DSUM('NHAN VIEN'!$E$5:$Q$2133,"4",'NHAN VIEN'!$AB$13:$AB$14) | BC31: ="="&AM31 -> =DSUM('NHAN VIEN'!$E$5:$Q$2133,"5",'NHAN VIEN'!$AB$13:$AB$14) | BD31: ="="&AN31 -> =DSUM('NHAN VIEN'!$E$5:$Q$2133,"6",'NHAN VIEN'!$AB$13:$AB$14) | BE31: ="="&AO31 -> =DSUM('NHAN VIEN'!$E$5:$Q$2133,"7",'NHAN VIEN'!$AB$13:$AB$14) | BF31: ="="&AP31 -> =DSUM('NHAN VIEN'!$E$5:$Q$2133,"8",'NHAN VIEN'!$AB$13:$AB$14) | ... BJ31: ="="&AT31 -> =DSUM('NHAN VIEN'!$E$5:$Q$2133,"12",'NHAN VIEN'!$AB$13:$AB$14) | BR31: =R31-'KHACH HANG'!S34 -> 286
B32: =B31+1 -> 30 | C32: =VLOOKUP(B32,DMSP!$A$1:$C$39,2,0) -> 7.KHÁC | D32: =VLOOKUP(B32,DMSP!$A$1:$C$39,3,0) -> RỬA RONG RÊU | E32: =R32 -> 4 | F32: =DSUM('KHACH HANG'!$E$5:$R$2133,"1",'KHACH HANG'!$AD$13:$AD$14) -> 0 | G32: =DSUM('KHACH HANG'!$E$5:$R$2133,"2",'KHACH HANG'!$AD$13:$AD$14) -> 0 | H32: =DSUM('KHACH HANG'!$E$5:$R$2133,"3",'KHACH HANG'!$AD$13:$AD$14) -> 0 | I32: =DSUM('KHACH HANG'!$E$5:$R$2133,"4",'KHACH HANG'!$AD$13:$AD$14) -> 0 | J32: =DSUM('KHACH HANG'!$E$5:$R$2133,"5",'KHACH HANG'!$AD$13:$AD$14) -> 0 | K32: =DSUM('KHACH HANG'!$E$5:$R$2133,"6",'KHACH HANG'!$AD$13:$AD$14) -> 0 | L32: =DSUM('KHACH HANG'!$E$5:$R$2133,"7",'KHACH HANG'!$AD$13:$AD$14) -> 0 | M32: =DSUM('KHACH HANG'!$E$5:$R$2133,"8",'KHACH HANG'!$AD$13:$AD$14) -> 0 | N32: =DSUM('KHACH HANG'!$E$5:$R$2133,"9",'KHACH HANG'!$AD$13:$AD$14) -> 0 | O32: =DSUM('KHACH HANG'!$E$5:$R$2133,"10",'KHACH HANG'!$AD$13:$AD$14) -> 0 | P32: =DSUM('KHACH HANG'!$E$5:$R$2133,"11",'KHACH HANG'!$AD$13:$AD$14) -> 4 | Q32: =DSUM('KHACH HANG'!$E$5:$R$2133,"12",'KHACH HANG'!$AD$13:$AD$14) -> 0 | R32: =SUM(F32:Q32) -> 4 | T32: AC | U32: 13 | V32: 14 | W32: DSUM('NHAN VIEN'!$E$5:$Q$2133,"1" | X32: ="DSUM('NHAN VIEN'!$E$5:$Q$2133,"&""""&$X$1&"""" -> DSUM('NHAN VIEN'!$E$5:$Q$2133,"2" | Y32: ="DSUM('NHAN VIEN'!$E$5:$Q$2133,"&""""&$Y$1&"""" -> DSUM('NHAN VIEN'!$E$5:$Q$2133,"3" | Z32: ="DSUM('NHAN VIEN'!$E$5:$Q$2133,"&""""&$Z$1&"""" -> DSUM('NHAN VIEN'!$E$5:$Q$2133,"4" | AA32: ="DSUM('NHAN VIEN'!$E$5:$Q$2133,"&""""&$AA$1&"""" -> DSUM('NHAN VIEN'!$E$5:$Q$2133,"5" | AB32: ="DSUM('NHAN VIEN'!$E$5:$Q$2133,"&""""&$AB$1&"""" -> DSUM('NHAN VIEN'!$E$5:$Q$2133,"6" | AC32: ="DSUM('NHAN VIEN'!$E$5:$Q$2133,"&""""&$AC$1&"""" -> DSUM('NHAN VIEN'!$E$5:$Q$2133,"7" | AD32: ="DSUM('NHAN VIEN'!$E$5:$Q$2133,"&""""&$AD$1&"""" -> DSUM('NHAN VIEN'!$E$5:$Q$2133,"8" | AE32: ="DSUM('NHAN VIEN'!$E$5:$Q$2133,"&""""&$AE$1&"""" -> DSUM('NHAN VIEN'!$E$5:$Q$2133,"9" | AF32: ="DSUM('NHAN VIEN'!$E$5:$Q$2133,"&""""&$AF$1&"""" -> DSUM('NHAN VIEN'!$E$5:$Q$2133,"10" | AG32: ="DSUM('NHAN VIEN'!$E$5:$Q$2133,"&""""&$AG$1&"""" -> DSUM('NHAN VIEN'!$E$5:$Q$2133,"11" | AH32: ="DSUM('NHAN VIEN'!$E$5:$Q$2133,"&""""&$AH$1&"""" -> DSUM('NHAN VIEN'!$E$5:$Q$2133,"12" | AI32: =W32&","&AV32&")" -> DSUM('NHAN VIEN'!$E$5:$Q$2133,"1",'NHAN VIEN'!$AC$13:$AC$14) | AJ32: =X32&","&AV32&")" -> DSUM('NHAN VIEN'!$E$5:$Q$2133,"2",'NHAN VIEN'!$AC$13:$AC$14) | AK32: =Y32&","&AV32&")" -> DSUM('NHAN VIEN'!$E$5:$Q$2133,"3",'NHAN VIEN'!$AC$13:$AC$14) | AL32: =Z32&","&AV32&")" -> DSUM('NHAN VIEN'!$E$5:$Q$2133,"4",'NHAN VIEN'!$AC$13:$AC$14) | AM32: =AA32&","&AV32&")" -> DSUM('NHAN VIEN'!$E$5:$Q$2133,"5",'NHAN VIEN'!$AC$13:$AC$14) | AN32: =AB32&","&AV32&")" -> DSUM('NHAN VIEN'!$E$5:$Q$2133,"6",'NHAN VIEN'!$AC$13:$AC$14) | AO32: =AC32&","&AV32&")" -> DSUM('NHAN VIEN'!$E$5:$Q$2133,"7",'NHAN VIEN'!$AC$13:$AC$14) | AP32: =AD32&","&AV32&")" -> DSUM('NHAN VIEN'!$E$5:$Q$2133,"8",'NHAN VIEN'!$AC$13:$AC$14) | AQ32: =AE32&","&AV32&")" -> DSUM('NHAN VIEN'!$E$5:$Q$2133,"9",'NHAN VIEN'!$AC$13:$AC$14) | AR32: =AF32&","&AV32&")" -> DSUM('NHAN VIEN'!$E$5:$Q$2133,"10",'NHAN VIEN'!$AC$13:$AC$14) | AS32: =AG32&","&AV32&")" -> DSUM('NHAN VIEN'!$E$5:$Q$2133,"11",'NHAN VIEN'!$AC$13:$AC$14) | AT32: =AH32&","&AV32&")" -> DSUM('NHAN VIEN'!$E$5:$Q$2133,"12",'NHAN VIEN'!$AC$13:$AC$14) | AV32: ="'NHAN VIEN'!$"&T32&"$"&U32&":$"&T32&"$"&V32 -> 'NHAN VIEN'!$AC$13:$AC$14 | AY32: ="="&AI32 -> =DSUM('NHAN VIEN'!$E$5:$Q$2133,"1",'NHAN VIEN'!$AC$13:$AC$14) | AZ32: ="="&AJ32 -> =DSUM('NHAN VIEN'!$E$5:$Q$2133,"2",'NHAN VIEN'!$AC$13:$AC$14) | BA32: ="="&AK32 -> =DSUM('NHAN VIEN'!$E$5:$Q$2133,"3",'NHAN VIEN'!$AC$13:$AC$14) | BB32: ="="&AL32 -> =DSUM('NHAN VIEN'!$E$5:$Q$2133,"4",'NHAN VIEN'!$AC$13:$AC$14) | BC32: ="="&AM32 -> =DSUM('NHAN VIEN'!$E$5:$Q$2133,"5",'NHAN VIEN'!$AC$13:$AC$14) | BD32: ="="&AN32 -> =DSUM('NHAN VIEN'!$E$5:$Q$2133,"6",'NHAN VIEN'!$AC$13:$AC$14) | BE32: ="="&AO32 -> =DSUM('NHAN VIEN'!$E$5:$Q$2133,"7",'NHAN VIEN'!$AC$13:$AC$14) | BF32: ="="&AP32 -> =DSUM('NHAN VIEN'!$E$5:$Q$2133,"8",'NHAN VIEN'!$AC$13:$AC$14) | ... BJ32: ="="&AT32 -> =DSUM('NHAN VIEN'!$E$5:$Q$2133,"12",'NHAN VIEN'!$AC$13:$AC$14) | BR32: =R32-'KHACH HANG'!S35 -> 4
B33: =B32+1 -> 31 | C33: =VLOOKUP(B33,DMSP!$A$1:$C$39,2,0) -> 7.KHÁC | D33: =VLOOKUP(B33,DMSP!$A$1:$C$39,3,0) -> TB BO | E33: =R33 -> 0 | F33: =DSUM('KHACH HANG'!$E$5:$R$2133,"1",'KHACH HANG'!$Y$15:$Y$16) -> 0 | G33: =DSUM('KHACH HANG'!$E$5:$R$2133,"2",'KHACH HANG'!$Y$15:$Y$16) -> 0 | H33: =DSUM('KHACH HANG'!$E$5:$R$2133,"3",'KHACH HANG'!$Y$15:$Y$16) -> 0 | I33: =DSUM('KHACH HANG'!$E$5:$R$2133,"4",'KHACH HANG'!$Y$15:$Y$16) -> 0 | J33: =DSUM('KHACH HANG'!$E$5:$R$2133,"5",'KHACH HANG'!$Y$15:$Y$16) -> 0 | K33: =DSUM('KHACH HANG'!$E$5:$R$2133,"6",'KHACH HANG'!$Y$15:$Y$16) -> 0 | L33: =DSUM('KHACH HANG'!$E$5:$R$2133,"7",'KHACH HANG'!$Y$15:$Y$16) -> 0 | M33: =DSUM('KHACH HANG'!$E$5:$R$2133,"8",'KHACH HANG'!$Y$15:$Y$16) -> 0 | N33: =DSUM('KHACH HANG'!$E$5:$R$2133,"9",'KHACH HANG'!$Y$15:$Y$16) -> 0 | O33: =DSUM('KHACH HANG'!$E$5:$R$2133,"10",'KHACH HANG'!$Y$15:$Y$16) -> 0 | P33: =DSUM('KHACH HANG'!$E$5:$R$2133,"11",'KHACH HANG'!$Y$15:$Y$16) -> 0 | Q33: =DSUM('KHACH HANG'!$E$5:$R$2133,"12",'KHACH HANG'!$Y$15:$Y$16) -> 0 | R33: =SUM(F33:Q33) -> 0 | T33: X | U33: 15 | V33: 16 | W33: DSUM('NHAN VIEN'!$E$5:$Q$2133,"1" | X33: ="DSUM('NHAN VIEN'!$E$5:$Q$2133,"&""""&$X$1&"""" -> DSUM('NHAN VIEN'!$E$5:$Q$2133,"2" | Y33: ="DSUM('NHAN VIEN'!$E$5:$Q$2133,"&""""&$Y$1&"""" -> DSUM('NHAN VIEN'!$E$5:$Q$2133,"3" | Z33: ="DSUM('NHAN VIEN'!$E$5:$Q$2133,"&""""&$Z$1&"""" -> DSUM('NHAN VIEN'!$E$5:$Q$2133,"4" | AA33: ="DSUM('NHAN VIEN'!$E$5:$Q$2133,"&""""&$AA$1&"""" -> DSUM('NHAN VIEN'!$E$5:$Q$2133,"5" | AB33: ="DSUM('NHAN VIEN'!$E$5:$Q$2133,"&""""&$AB$1&"""" -> DSUM('NHAN VIEN'!$E$5:$Q$2133,"6" | AC33: ="DSUM('NHAN VIEN'!$E$5:$Q$2133,"&""""&$AC$1&"""" -> DSUM('NHAN VIEN'!$E$5:$Q$2133,"7" | AD33: ="DSUM('NHAN VIEN'!$E$5:$Q$2133,"&""""&$AD$1&"""" -> DSUM('NHAN VIEN'!$E$5:$Q$2133,"8" | AE33: ="DSUM('NHAN VIEN'!$E$5:$Q$2133,"&""""&$AE$1&"""" -> DSUM('NHAN VIEN'!$E$5:$Q$2133,"9" | AF33: ="DSUM('NHAN VIEN'!$E$5:$Q$2133,"&""""&$AF$1&"""" -> DSUM('NHAN VIEN'!$E$5:$Q$2133,"10" | AG33: ="DSUM('NHAN VIEN'!$E$5:$Q$2133,"&""""&$AG$1&"""" -> DSUM('NHAN VIEN'!$E$5:$Q$2133,"11" | AH33: ="DSUM('NHAN VIEN'!$E$5:$Q$2133,"&""""&$AH$1&"""" -> DSUM('NHAN VIEN'!$E$5:$Q$2133,"12" | AI33: =W33&","&AV33&")" -> DSUM('NHAN VIEN'!$E$5:$Q$2133,"1",'NHAN VIEN'!$X$15:$X$16) | AJ33: =X33&","&AV33&")" -> DSUM('NHAN VIEN'!$E$5:$Q$2133,"2",'NHAN VIEN'!$X$15:$X$16) | AK33: =Y33&","&AV33&")" -> DSUM('NHAN VIEN'!$E$5:$Q$2133,"3",'NHAN VIEN'!$X$15:$X$16) | AL33: =Z33&","&AV33&")" -> DSUM('NHAN VIEN'!$E$5:$Q$2133,"4",'NHAN VIEN'!$X$15:$X$16) | AM33: =AA33&","&AV33&")" -> DSUM('NHAN VIEN'!$E$5:$Q$2133,"5",'NHAN VIEN'!$X$15:$X$16) | AN33: =AB33&","&AV33&")" -> DSUM('NHAN VIEN'!$E$5:$Q$2133,"6",'NHAN VIEN'!$X$15:$X$16) | AO33: =AC33&","&AV33&")" -> DSUM('NHAN VIEN'!$E$5:$Q$2133,"7",'NHAN VIEN'!$X$15:$X$16) | AP33: =AD33&","&AV33&")" -> DSUM('NHAN VIEN'!$E$5:$Q$2133,"8",'NHAN VIEN'!$X$15:$X$16) | AQ33: =AE33&","&AV33&")" -> DSUM('NHAN VIEN'!$E$5:$Q$2133,"9",'NHAN VIEN'!$X$15:$X$16) | AR33: =AF33&","&AV33&")" -> DSUM('NHAN VIEN'!$E$5:$Q$2133,"10",'NHAN VIEN'!$X$15:$X$16) | AS33: =AG33&","&AV33&")" -> DSUM('NHAN VIEN'!$E$5:$Q$2133,"11",'NHAN VIEN'!$X$15:$X$16) | AT33: =AH33&","&AV33&")" -> DSUM('NHAN VIEN'!$E$5:$Q$2133,"12",'NHAN VIEN'!$X$15:$X$16) | AV33: ="'NHAN VIEN'!$"&T33&"$"&U33&":$"&T33&"$"&V33 -> 'NHAN VIEN'!$X$15:$X$16 | AY33: ="="&AI33 -> =DSUM('NHAN VIEN'!$E$5:$Q$2133,"1",'NHAN VIEN'!$X$15:$X$16) | AZ33: ="="&AJ33 -> =DSUM('NHAN VIEN'!$E$5:$Q$2133,"2",'NHAN VIEN'!$X$15:$X$16) | BA33: ="="&AK33 -> =DSUM('NHAN VIEN'!$E$5:$Q$2133,"3",'NHAN VIEN'!$X$15:$X$16) | BB33: ="="&AL33 -> =DSUM('NHAN VIEN'!$E$5:$Q$2133,"4",'NHAN VIEN'!$X$15:$X$16) | BC33: ="="&AM33 -> =DSUM('NHAN VIEN'!$E$5:$Q$2133,"5",'NHAN VIEN'!$X$15:$X$16) | BD33: ="="&AN33 -> =DSUM('NHAN VIEN'!$E$5:$Q$2133,"6",'NHAN VIEN'!$X$15:$X$16) | BE33: ="="&AO33 -> =DSUM('NHAN VIEN'!$E$5:$Q$2133,"7",'NHAN VIEN'!$X$15:$X$16) | BF33: ="="&AP33 -> =DSUM('NHAN VIEN'!$E$5:$Q$2133,"8",'NHAN VIEN'!$X$15:$X$16) | ... BJ33: ="="&AT33 -> =DSUM('NHAN VIEN'!$E$5:$Q$2133,"12",'NHAN VIEN'!$X$15:$X$16) | BR33: =R33-'KHACH HANG'!S36 -> 0
B34: =B33+1 -> 32 | C34: =VLOOKUP(B34,DMSP!$A$1:$C$39,2,0) -> 7.KHÁC | D34: =VLOOKUP(B34,DMSP!$A$1:$C$39,3,0) -> TB FRUIT | E34: =R34 -> 0 | F34: =DSUM('KHACH HANG'!$E$5:$R$2133,"1",'KHACH HANG'!$Z$15:$Z$16) -> 0 | G34: =DSUM('KHACH HANG'!$E$5:$R$2133,"2",'KHACH HANG'!$Z$15:$Z$16) -> 0 | H34: =DSUM('KHACH HANG'!$E$5:$R$2133,"3",'KHACH HANG'!$Z$15:$Z$16) -> 0 | I34: =DSUM('KHACH HANG'!$E$5:$R$2133,"4",'KHACH HANG'!$Z$15:$Z$16) -> 0 | J34: =DSUM('KHACH HANG'!$E$5:$R$2133,"5",'KHACH HANG'!$Z$15:$Z$16) -> 0 | K34: =DSUM('KHACH HANG'!$E$5:$R$2133,"6",'KHACH HANG'!$Z$15:$Z$16) -> 0 | L34: =DSUM('KHACH HANG'!$E$5:$R$2133,"7",'KHACH HANG'!$Z$15:$Z$16) -> 0 | M34: =DSUM('KHACH HANG'!$E$5:$R$2133,"8",'KHACH HANG'!$Z$15:$Z$16) -> 0 | N34: =DSUM('KHACH HANG'!$E$5:$R$2133,"9",'KHACH HANG'!$Z$15:$Z$16) -> 0 | O34: =DSUM('KHACH HANG'!$E$5:$R$2133,"10",'KHACH HANG'!$Z$15:$Z$16) -> 0 | P34: =DSUM('KHACH HANG'!$E$5:$R$2133,"11",'KHACH HANG'!$Z$15:$Z$16) -> 0 | Q34: =DSUM('KHACH HANG'!$E$5:$R$2133,"12",'KHACH HANG'!$Z$15:$Z$16) -> 0 | R34: =SUM(F34:Q34) -> 0 | T34: Y | U34: 15 | V34: 16 | W34: DSUM('NHAN VIEN'!$E$5:$Q$2133,"1" | X34: ="DSUM('NHAN VIEN'!$E$5:$Q$2133,"&""""&$X$1&"""" -> DSUM('NHAN VIEN'!$E$5:$Q$2133,"2" | Y34: ="DSUM('NHAN VIEN'!$E$5:$Q$2133,"&""""&$Y$1&"""" -> DSUM('NHAN VIEN'!$E$5:$Q$2133,"3" | Z34: ="DSUM('NHAN VIEN'!$E$5:$Q$2133,"&""""&$Z$1&"""" -> DSUM('NHAN VIEN'!$E$5:$Q$2133,"4" | AA34: ="DSUM('NHAN VIEN'!$E$5:$Q$2133,"&""""&$AA$1&"""" -> DSUM('NHAN VIEN'!$E$5:$Q$2133,"5" | AB34: ="DSUM('NHAN VIEN'!$E$5:$Q$2133,"&""""&$AB$1&"""" -> DSUM('NHAN VIEN'!$E$5:$Q$2133,"6" | AC34: ="DSUM('NHAN VIEN'!$E$5:$Q$2133,"&""""&$AC$1&"""" -> DSUM('NHAN VIEN'!$E$5:$Q$2133,"7" | AD34: ="DSUM('NHAN VIEN'!$E$5:$Q$2133,"&""""&$AD$1&"""" -> DSUM('NHAN VIEN'!$E$5:$Q$2133,"8" | AE34: ="DSUM('NHAN VIEN'!$E$5:$Q$2133,"&""""&$AE$1&"""" -> DSUM('NHAN VIEN'!$E$5:$Q$2133,"9" | AF34: ="DSUM('NHAN VIEN'!$E$5:$Q$2133,"&""""&$AF$1&"""" -> DSUM('NHAN VIEN'!$E$5:$Q$2133,"10" | AG34: ="DSUM('NHAN VIEN'!$E$5:$Q$2133,"&""""&$AG$1&"""" -> DSUM('NHAN VIEN'!$E$5:$Q$2133,"11" | AH34: ="DSUM('NHAN VIEN'!$E$5:$Q$2133,"&""""&$AH$1&"""" -> DSUM('NHAN VIEN'!$E$5:$Q$2133,"12" | AI34: =W34&","&AV34&")" -> DSUM('NHAN VIEN'!$E$5:$Q$2133,"1",'NHAN VIEN'!$Y$15:$Y$16) | AJ34: =X34&","&AV34&")" -> DSUM('NHAN VIEN'!$E$5:$Q$2133,"2",'NHAN VIEN'!$Y$15:$Y$16) | AK34: =Y34&","&AV34&")" -> DSUM('NHAN VIEN'!$E$5:$Q$2133,"3",'NHAN VIEN'!$Y$15:$Y$16) | AL34: =Z34&","&AV34&")" -> DSUM('NHAN VIEN'!$E$5:$Q$2133,"4",'NHAN VIEN'!$Y$15:$Y$16) | AM34: =AA34&","&AV34&")" -> DSUM('NHAN VIEN'!$E$5:$Q$2133,"5",'NHAN VIEN'!$Y$15:$Y$16) | AN34: =AB34&","&AV34&")" -> DSUM('NHAN VIEN'!$E$5:$Q$2133,"6",'NHAN VIEN'!$Y$15:$Y$16) | AO34: =AC34&","&AV34&")" -> DSUM('NHAN VIEN'!$E$5:$Q$2133,"7",'NHAN VIEN'!$Y$15:$Y$16) | AP34: =AD34&","&AV34&")" -> DSUM('NHAN VIEN'!$E$5:$Q$2133,"8",'NHAN VIEN'!$Y$15:$Y$16) | AQ34: =AE34&","&AV34&")" -> DSUM('NHAN VIEN'!$E$5:$Q$2133,"9",'NHAN VIEN'!$Y$15:$Y$16) | AR34: =AF34&","&AV34&")" -> DSUM('NHAN VIEN'!$E$5:$Q$2133,"10",'NHAN VIEN'!$Y$15:$Y$16) | AS34: =AG34&","&AV34&")" -> DSUM('NHAN VIEN'!$E$5:$Q$2133,"11",'NHAN VIEN'!$Y$15:$Y$16) | AT34: =AH34&","&AV34&")" -> DSUM('NHAN VIEN'!$E$5:$Q$2133,"12",'NHAN VIEN'!$Y$15:$Y$16) | AV34: ="'NHAN VIEN'!$"&T34&"$"&U34&":$"&T34&"$"&V34 -> 'NHAN VIEN'!$Y$15:$Y$16 | AY34: ="="&AI34 -> =DSUM('NHAN VIEN'!$E$5:$Q$2133,"1",'NHAN VIEN'!$Y$15:$Y$16) | AZ34: ="="&AJ34 -> =DSUM('NHAN VIEN'!$E$5:$Q$2133,"2",'NHAN VIEN'!$Y$15:$Y$16) | BA34: ="="&AK34 -> =DSUM('NHAN VIEN'!$E$5:$Q$2133,"3",'NHAN VIEN'!$Y$15:$Y$16) | BB34: ="="&AL34 -> =DSUM('NHAN VIEN'!$E$5:$Q$2133,"4",'NHAN VIEN'!$Y$15:$Y$16) | BC34: ="="&AM34 -> =DSUM('NHAN VIEN'!$E$5:$Q$2133,"5",'NHAN VIEN'!$Y$15:$Y$16) | BD34: ="="&AN34 -> =DSUM('NHAN VIEN'!$E$5:$Q$2133,"6",'NHAN VIEN'!$Y$15:$Y$16) | BE34: ="="&AO34 -> =DSUM('NHAN VIEN'!$E$5:$Q$2133,"7",'NHAN VIEN'!$Y$15:$Y$16) | BF34: ="="&AP34 -> =DSUM('NHAN VIEN'!$E$5:$Q$2133,"8",'NHAN VIEN'!$Y$15:$Y$16) | ... BJ34: ="="&AT34 -> =DSUM('NHAN VIEN'!$E$5:$Q$2133,"12",'NHAN VIEN'!$Y$15:$Y$16) | BR34: =R34-'KHACH HANG'!S37 -> 0
B35: =B34+1 -> 33 | C35: =VLOOKUP(B35,DMSP!$A$1:$C$39,2,0) -> 7.KHÁC | D35: =VLOOKUP(B35,DMSP!$A$1:$C$39,3,0) -> TB PHOS | E35: =R35 -> 0 | F35: =DSUM('KHACH HANG'!$E$5:$R$2133,"1",'KHACH HANG'!$AA$15:$AA$16) -> 0 | G35: =DSUM('KHACH HANG'!$E$5:$R$2133,"2",'KHACH HANG'!$AA$15:$AA$16) -> 0 | H35: =DSUM('KHACH HANG'!$E$5:$R$2133,"3",'KHACH HANG'!$AA$15:$AA$16) -> 0 | I35: =DSUM('KHACH HANG'!$E$5:$R$2133,"4",'KHACH HANG'!$AA$15:$AA$16) -> 0 | J35: =DSUM('KHACH HANG'!$E$5:$R$2133,"5",'KHACH HANG'!$AA$15:$AA$16) -> 0 | K35: =DSUM('KHACH HANG'!$E$5:$R$2133,"6",'KHACH HANG'!$AA$15:$AA$16) -> 0 | L35: =DSUM('KHACH HANG'!$E$5:$R$2133,"7",'KHACH HANG'!$AA$15:$AA$16) -> 0 | M35: =DSUM('KHACH HANG'!$E$5:$R$2133,"8",'KHACH HANG'!$AA$15:$AA$16) -> 0 | N35: =DSUM('KHACH HANG'!$E$5:$R$2133,"9",'KHACH HANG'!$AA$15:$AA$16) -> 0 | O35: =DSUM('KHACH HANG'!$E$5:$R$2133,"10",'KHACH HANG'!$AA$15:$AA$16) -> 0 | P35: =DSUM('KHACH HANG'!$E$5:$R$2133,"11",'KHACH HANG'!$AA$15:$AA$16) -> 0 | Q35: =DSUM('KHACH HANG'!$E$5:$R$2133,"12",'KHACH HANG'!$AA$15:$AA$16) -> 0 | R35: =SUM(F35:Q35) -> 0 | T35: Z | U35: 15 | V35: 16 | W35: DSUM('NHAN VIEN'!$E$5:$Q$2133,"1" | X35: ="DSUM('NHAN VIEN'!$E$5:$Q$2133,"&""""&$X$1&"""" -> DSUM('NHAN VIEN'!$E$5:$Q$2133,"2" | Y35: ="DSUM('NHAN VIEN'!$E$5:$Q$2133,"&""""&$Y$1&"""" -> DSUM('NHAN VIEN'!$E$5:$Q$2133,"3" | Z35: ="DSUM('NHAN VIEN'!$E$5:$Q$2133,"&""""&$Z$1&"""" -> DSUM('NHAN VIEN'!$E$5:$Q$2133,"4" | AA35: ="DSUM('NHAN VIEN'!$E$5:$Q$2133,"&""""&$AA$1&"""" -> DSUM('NHAN VIEN'!$E$5:$Q$2133,"5" | AB35: ="DSUM('NHAN VIEN'!$E$5:$Q$2133,"&""""&$AB$1&"""" -> DSUM('NHAN VIEN'!$E$5:$Q$2133,"6" | AC35: ="DSUM('NHAN VIEN'!$E$5:$Q$2133,"&""""&$AC$1&"""" -> DSUM('NHAN VIEN'!$E$5:$Q$2133,"7" | AD35: ="DSUM('NHAN VIEN'!$E$5:$Q$2133,"&""""&$AD$1&"""" -> DSUM('NHAN VIEN'!$E$5:$Q$2133,"8" | AE35: ="DSUM('NHAN VIEN'!$E$5:$Q$2133,"&""""&$AE$1&"""" -> DSUM('NHAN VIEN'!$E$5:$Q$2133,"9" | AF35: ="DSUM('NHAN VIEN'!$E$5:$Q$2133,"&""""&$AF$1&"""" -> DSUM('NHAN VIEN'!$E$5:$Q$2133,"10" | AG35: ="DSUM('NHAN VIEN'!$E$5:$Q$2133,"&""""&$AG$1&"""" -> DSUM('NHAN VIEN'!$E$5:$Q$2133,"11" | AH35: ="DSUM('NHAN VIEN'!$E$5:$Q$2133,"&""""&$AH$1&"""" -> DSUM('NHAN VIEN'!$E$5:$Q$2133,"12" | AI35: =W35&","&AV35&")" -> DSUM('NHAN VIEN'!$E$5:$Q$2133,"1",'NHAN VIEN'!$Z$15:$Z$16) | AJ35: =X35&","&AV35&")" -> DSUM('NHAN VIEN'!$E$5:$Q$2133,"2",'NHAN VIEN'!$Z$15:$Z$16) | AK35: =Y35&","&AV35&")" -> DSUM('NHAN VIEN'!$E$5:$Q$2133,"3",'NHAN VIEN'!$Z$15:$Z$16) | AL35: =Z35&","&AV35&")" -> DSUM('NHAN VIEN'!$E$5:$Q$2133,"4",'NHAN VIEN'!$Z$15:$Z$16) | AM35: =AA35&","&AV35&")" -> DSUM('NHAN VIEN'!$E$5:$Q$2133,"5",'NHAN VIEN'!$Z$15:$Z$16) | AN35: =AB35&","&AV35&")" -> DSUM('NHAN VIEN'!$E$5:$Q$2133,"6",'NHAN VIEN'!$Z$15:$Z$16) | AO35: =AC35&","&AV35&")" -> DSUM('NHAN VIEN'!$E$5:$Q$2133,"7",'NHAN VIEN'!$Z$15:$Z$16) | AP35: =AD35&","&AV35&")" -> DSUM('NHAN VIEN'!$E$5:$Q$2133,"8",'NHAN VIEN'!$Z$15:$Z$16) | AQ35: =AE35&","&AV35&")" -> DSUM('NHAN VIEN'!$E$5:$Q$2133,"9",'NHAN VIEN'!$Z$15:$Z$16) | AR35: =AF35&","&AV35&")" -> DSUM('NHAN VIEN'!$E$5:$Q$2133,"10",'NHAN VIEN'!$Z$15:$Z$16) | AS35: =AG35&","&AV35&")" -> DSUM('NHAN VIEN'!$E$5:$Q$2133,"11",'NHAN VIEN'!$Z$15:$Z$16) | AT35: =AH35&","&AV35&")" -> DSUM('NHAN VIEN'!$E$5:$Q$2133,"12",'NHAN VIEN'!$Z$15:$Z$16) | AV35: ="'NHAN VIEN'!$"&T35&"$"&U35&":$"&T35&"$"&V35 -> 'NHAN VIEN'!$Z$15:$Z$16 | AY35: ="="&AI35 -> =DSUM('NHAN VIEN'!$E$5:$Q$2133,"1",'NHAN VIEN'!$Z$15:$Z$16) | AZ35: ="="&AJ35 -> =DSUM('NHAN VIEN'!$E$5:$Q$2133,"2",'NHAN VIEN'!$Z$15:$Z$16) | BA35: ="="&AK35 -> =DSUM('NHAN VIEN'!$E$5:$Q$2133,"3",'NHAN VIEN'!$Z$15:$Z$16) | BB35: ="="&AL35 -> =DSUM('NHAN VIEN'!$E$5:$Q$2133,"4",'NHAN VIEN'!$Z$15:$Z$16) | BC35: ="="&AM35 -> =DSUM('NHAN VIEN'!$E$5:$Q$2133,"5",'NHAN VIEN'!$Z$15:$Z$16) | BD35: ="="&AN35 -> =DSUM('NHAN VIEN'!$E$5:$Q$2133,"6",'NHAN VIEN'!$Z$15:$Z$16) | BE35: ="="&AO35 -> =DSUM('NHAN VIEN'!$E$5:$Q$2133,"7",'NHAN VIEN'!$Z$15:$Z$16) | BF35: ="="&AP35 -> =DSUM('NHAN VIEN'!$E$5:$Q$2133,"8",'NHAN VIEN'!$Z$15:$Z$16) | ... BJ35: ="="&AT35 -> =DSUM('NHAN VIEN'!$E$5:$Q$2133,"12",'NHAN VIEN'!$Z$15:$Z$16) | BR35: =R35-'KHACH HANG'!S38 -> 0
B36: =B35+1 -> 34 | C36: =VLOOKUP(B36,DMSP!$A$1:$C$39,2,0) -> 7.KHÁC | D36: =VLOOKUP(B36,DMSP!$A$1:$C$39,3,0) -> TOBA BÁM DÍNH | E36: =R36 -> 160 | F36: =DSUM('KHACH HANG'!$E$5:$R$2133,"1",'KHACH HANG'!$AB$15:$AB$16) -> 25 | G36: =DSUM('KHACH HANG'!$E$5:$R$2133,"2",'KHACH HANG'!$AB$15:$AB$16) -> 4 | H36: =DSUM('KHACH HANG'!$E$5:$R$2133,"3",'KHACH HANG'!$AB$15:$AB$16) -> 0 | I36: =DSUM('KHACH HANG'!$E$5:$R$2133,"4",'KHACH HANG'!$AB$15:$AB$16) -> 0 | J36: =DSUM('KHACH HANG'!$E$5:$R$2133,"5",'KHACH HANG'!$AB$15:$AB$16) -> 0 | K36: =DSUM('KHACH HANG'!$E$5:$R$2133,"6",'KHACH HANG'!$AB$15:$AB$16) -> 25 | L36: =DSUM('KHACH HANG'!$E$5:$R$2133,"7",'KHACH HANG'!$AB$15:$AB$16) -> 28 | M36: =DSUM('KHACH HANG'!$E$5:$R$2133,"8",'KHACH HANG'!$AB$15:$AB$16) -> 28 | N36: =DSUM('KHACH HANG'!$E$5:$R$2133,"9",'KHACH HANG'!$AB$15:$AB$16) -> 25 | O36: =DSUM('KHACH HANG'!$E$5:$R$2133,"10",'KHACH HANG'!$AB$15:$AB$16) -> 0 | P36: =DSUM('KHACH HANG'!$E$5:$R$2133,"11",'KHACH HANG'!$AB$15:$AB$16) -> 25 | Q36: =DSUM('KHACH HANG'!$E$5:$R$2133,"12",'KHACH HANG'!$AB$15:$AB$16) -> 0 | R36: =SUM(F36:Q36) -> 160 | T36: AA | U36: 15 | V36: 16 | W36: DSUM('NHAN VIEN'!$E$5:$Q$2133,"1" | X36: ="DSUM('NHAN VIEN'!$E$5:$Q$2133,"&""""&$X$1&"""" -> DSUM('NHAN VIEN'!$E$5:$Q$2133,"2" | Y36: ="DSUM('NHAN VIEN'!$E$5:$Q$2133,"&""""&$Y$1&"""" -> DSUM('NHAN VIEN'!$E$5:$Q$2133,"3" | Z36: ="DSUM('NHAN VIEN'!$E$5:$Q$2133,"&""""&$Z$1&"""" -> DSUM('NHAN VIEN'!$E$5:$Q$2133,"4" | AA36: ="DSUM('NHAN VIEN'!$E$5:$Q$2133,"&""""&$AA$1&"""" -> DSUM('NHAN VIEN'!$E$5:$Q$2133,"5" | AB36: ="DSUM('NHAN VIEN'!$E$5:$Q$2133,"&""""&$AB$1&"""" -> DSUM('NHAN VIEN'!$E$5:$Q$2133,"6" | AC36: ="DSUM('NHAN VIEN'!$E$5:$Q$2133,"&""""&$AC$1&"""" -> DSUM('NHAN VIEN'!$E$5:$Q$2133,"7" | AD36: ="DSUM('NHAN VIEN'!$E$5:$Q$2133,"&""""&$AD$1&"""" -> DSUM('NHAN VIEN'!$E$5:$Q$2133,"8" | AE36: ="DSUM('NHAN VIEN'!$E$5:$Q$2133,"&""""&$AE$1&"""" -> DSUM('NHAN VIEN'!$E$5:$Q$2133,"9" | AF36: ="DSUM('NHAN VIEN'!$E$5:$Q$2133,"&""""&$AF$1&"""" -> DSUM('NHAN VIEN'!$E$5:$Q$2133,"10" | AG36: ="DSUM('NHAN VIEN'!$E$5:$Q$2133,"&""""&$AG$1&"""" -> DSUM('NHAN VIEN'!$E$5:$Q$2133,"11" | AH36: ="DSUM('NHAN VIEN'!$E$5:$Q$2133,"&""""&$AH$1&"""" -> DSUM('NHAN VIEN'!$E$5:$Q$2133,"12" | AI36: =W36&","&AV36&")" -> DSUM('NHAN VIEN'!$E$5:$Q$2133,"1",'NHAN VIEN'!$AA$15:$AA$16) | AJ36: =X36&","&AV36&")" -> DSUM('NHAN VIEN'!$E$5:$Q$2133,"2",'NHAN VIEN'!$AA$15:$AA$16) | AK36: =Y36&","&AV36&")" -> DSUM('NHAN VIEN'!$E$5:$Q$2133,"3",'NHAN VIEN'!$AA$15:$AA$16) | AL36: =Z36&","&AV36&")" -> DSUM('NHAN VIEN'!$E$5:$Q$2133,"4",'NHAN VIEN'!$AA$15:$AA$16) | AM36: =AA36&","&AV36&")" -> DSUM('NHAN VIEN'!$E$5:$Q$2133,"5",'NHAN VIEN'!$AA$15:$AA$16) | AN36: =AB36&","&AV36&")" -> DSUM('NHAN VIEN'!$E$5:$Q$2133,"6",'NHAN VIEN'!$AA$15:$AA$16) | AO36: =AC36&","&AV36&")" -> DSUM('NHAN VIEN'!$E$5:$Q$2133,"7",'NHAN VIEN'!$AA$15:$AA$16) | AP36: =AD36&","&AV36&")" -> DSUM('NHAN VIEN'!$E$5:$Q$2133,"8",'NHAN VIEN'!$AA$15:$AA$16) | AQ36: =AE36&","&AV36&")" -> DSUM('NHAN VIEN'!$E$5:$Q$2133,"9",'NHAN VIEN'!$AA$15:$AA$16) | AR36: =AF36&","&AV36&")" -> DSUM('NHAN VIEN'!$E$5:$Q$2133,"10",'NHAN VIEN'!$AA$15:$AA$16) | AS36: =AG36&","&AV36&")" -> DSUM('NHAN VIEN'!$E$5:$Q$2133,"11",'NHAN VIEN'!$AA$15:$AA$16) | AT36: =AH36&","&AV36&")" -> DSUM('NHAN VIEN'!$E$5:$Q$2133,"12",'NHAN VIEN'!$AA$15:$AA$16) | AV36: ="'NHAN VIEN'!$"&T36&"$"&U36&":$"&T36&"$"&V36 -> 'NHAN VIEN'!$AA$15:$AA$16 | AY36: ="="&AI36 -> =DSUM('NHAN VIEN'!$E$5:$Q$2133,"1",'NHAN VIEN'!$AA$15:$AA$16) | AZ36: ="="&AJ36 -> =DSUM('NHAN VIEN'!$E$5:$Q$2133,"2",'NHAN VIEN'!$AA$15:$AA$16) | BA36: ="="&AK36 -> =DSUM('NHAN VIEN'!$E$5:$Q$2133,"3",'NHAN VIEN'!$AA$15:$AA$16) | BB36: ="="&AL36 -> =DSUM('NHAN VIEN'!$E$5:$Q$2133,"4",'NHAN VIEN'!$AA$15:$AA$16) | BC36: ="="&AM36 -> =DSUM('NHAN VIEN'!$E$5:$Q$2133,"5",'NHAN VIEN'!$AA$15:$AA$16) | BD36: ="="&AN36 -> =DSUM('NHAN VIEN'!$E$5:$Q$2133,"6",'NHAN VIEN'!$AA$15:$AA$16) | BE36: ="="&AO36 -> =DSUM('NHAN VIEN'!$E$5:$Q$2133,"7",'NHAN VIEN'!$AA$15:$AA$16) | BF36: ="="&AP36 -> =DSUM('NHAN VIEN'!$E$5:$Q$2133,"8",'NHAN VIEN'!$AA$15:$AA$16) | ... BJ36: ="="&AT36 -> =DSUM('NHAN VIEN'!$E$5:$Q$2133,"12",'NHAN VIEN'!$AA$15:$AA$16) | BR36: =R36-'KHACH HANG'!S39 -> 156
B37: =B36+1 -> 35 | C37: =VLOOKUP(B37,DMSP!$A$1:$C$39,2,0) -> 7.KHÁC | D37: =VLOOKUP(B37,DMSP!$A$1:$C$39,3,0) -> VỌT HOA NHÃN | E37: =R37 -> 0 | F37: =DSUM('KHACH HANG'!$E$5:$R$2133,"1",'KHACH HANG'!$AC$15:$AC$16) -> 0 | G37: =DSUM('KHACH HANG'!$E$5:$R$2133,"2",'KHACH HANG'!$AC$15:$AC$16) -> 0 | H37: =DSUM('KHACH HANG'!$E$5:$R$2133,"3",'KHACH HANG'!$AC$15:$AC$16) -> 0 | I37: =DSUM('KHACH HANG'!$E$5:$R$2133,"4",'KHACH HANG'!$AC$15:$AC$16) -> 0 | J37: =DSUM('KHACH HANG'!$E$5:$R$2133,"5",'KHACH HANG'!$AC$15:$AC$16) -> 0 | K37: =DSUM('KHACH HANG'!$E$5:$R$2133,"6",'KHACH HANG'!$AC$15:$AC$16) -> 0 | L37: =DSUM('KHACH HANG'!$E$5:$R$2133,"7",'KHACH HANG'!$AC$15:$AC$16) -> 0 | M37: =DSUM('KHACH HANG'!$E$5:$R$2133,"8",'KHACH HANG'!$AC$15:$AC$16) -> 0 | N37: =DSUM('KHACH HANG'!$E$5:$R$2133,"9",'KHACH HANG'!$AC$15:$AC$16) -> 0 | O37: =DSUM('KHACH HANG'!$E$5:$R$2133,"10",'KHACH HANG'!$AC$15:$AC$16) -> 0 | P37: =DSUM('KHACH HANG'!$E$5:$R$2133,"11",'KHACH HANG'!$AC$15:$AC$16) -> 0 | Q37: =DSUM('KHACH HANG'!$E$5:$R$2133,"12",'KHACH HANG'!$AC$15:$AC$16) -> 0 | R37: =SUM(F37:Q37) -> 0 | T37: AB | U37: 15 | V37: 16 | W37: DSUM('NHAN VIEN'!$E$5:$Q$2133,"1" | X37: ="DSUM('NHAN VIEN'!$E$5:$Q$2133,"&""""&$X$1&"""" -> DSUM('NHAN VIEN'!$E$5:$Q$2133,"2" | Y37: ="DSUM('NHAN VIEN'!$E$5:$Q$2133,"&""""&$Y$1&"""" -> DSUM('NHAN VIEN'!$E$5:$Q$2133,"3" | Z37: ="DSUM('NHAN VIEN'!$E$5:$Q$2133,"&""""&$Z$1&"""" -> DSUM('NHAN VIEN'!$E$5:$Q$2133,"4" | AA37: ="DSUM('NHAN VIEN'!$E$5:$Q$2133,"&""""&$AA$1&"""" -> DSUM('NHAN VIEN'!$E$5:$Q$2133,"5" | AB37: ="DSUM('NHAN VIEN'!$E$5:$Q$2133,"&""""&$AB$1&"""" -> DSUM('NHAN VIEN'!$E$5:$Q$2133,"6" | AC37: ="DSUM('NHAN VIEN'!$E$5:$Q$2133,"&""""&$AC$1&"""" -> DSUM('NHAN VIEN'!$E$5:$Q$2133,"7" | AD37: ="DSUM('NHAN VIEN'!$E$5:$Q$2133,"&""""&$AD$1&"""" -> DSUM('NHAN VIEN'!$E$5:$Q$2133,"8" | AE37: ="DSUM('NHAN VIEN'!$E$5:$Q$2133,"&""""&$AE$1&"""" -> DSUM('NHAN VIEN'!$E$5:$Q$2133,"9" | AF37: ="DSUM('NHAN VIEN'!$E$5:$Q$2133,"&""""&$AF$1&"""" -> DSUM('NHAN VIEN'!$E$5:$Q$2133,"10" | AG37: ="DSUM('NHAN VIEN'!$E$5:$Q$2133,"&""""&$AG$1&"""" -> DSUM('NHAN VIEN'!$E$5:$Q$2133,"11" | AH37: ="DSUM('NHAN VIEN'!$E$5:$Q$2133,"&""""&$AH$1&"""" -> DSUM('NHAN VIEN'!$E$5:$Q$2133,"12" | AI37: =W37&","&AV37&")" -> DSUM('NHAN VIEN'!$E$5:$Q$2133,"1",'NHAN VIEN'!$AB$15:$AB$16) | AJ37: =X37&","&AV37&")" -> DSUM('NHAN VIEN'!$E$5:$Q$2133,"2",'NHAN VIEN'!$AB$15:$AB$16) | AK37: =Y37&","&AV37&")" -> DSUM('NHAN VIEN'!$E$5:$Q$2133,"3",'NHAN VIEN'!$AB$15:$AB$16) | AL37: =Z37&","&AV37&")" -> DSUM('NHAN VIEN'!$E$5:$Q$2133,"4",'NHAN VIEN'!$AB$15:$AB$16) | AM37: =AA37&","&AV37&")" -> DSUM('NHAN VIEN'!$E$5:$Q$2133,"5",'NHAN VIEN'!$AB$15:$AB$16) | AN37: =AB37&","&AV37&")" -> DSUM('NHAN VIEN'!$E$5:$Q$2133,"6",'NHAN VIEN'!$AB$15:$AB$16) | AO37: =AC37&","&AV37&")" -> DSUM('NHAN VIEN'!$E$5:$Q$2133,"7",'NHAN VIEN'!$AB$15:$AB$16) | AP37: =AD37&","&AV37&")" -> DSUM('NHAN VIEN'!$E$5:$Q$2133,"8",'NHAN VIEN'!$AB$15:$AB$16) | AQ37: =AE37&","&AV37&")" -> DSUM('NHAN VIEN'!$E$5:$Q$2133,"9",'NHAN VIEN'!$AB$15:$AB$16) | AR37: =AF37&","&AV37&")" -> DSUM('NHAN VIEN'!$E$5:$Q$2133,"10",'NHAN VIEN'!$AB$15:$AB$16) | AS37: =AG37&","&AV37&")" -> DSUM('NHAN VIEN'!$E$5:$Q$2133,"11",'NHAN VIEN'!$AB$15:$AB$16) | AT37: =AH37&","&AV37&")" -> DSUM('NHAN VIEN'!$E$5:$Q$2133,"12",'NHAN VIEN'!$AB$15:$AB$16) | AV37: ="'NHAN VIEN'!$"&T37&"$"&U37&":$"&T37&"$"&V37 -> 'NHAN VIEN'!$AB$15:$AB$16 | AY37: ="="&AI37 -> =DSUM('NHAN VIEN'!$E$5:$Q$2133,"1",'NHAN VIEN'!$AB$15:$AB$16) | AZ37: ="="&AJ37 -> =DSUM('NHAN VIEN'!$E$5:$Q$2133,"2",'NHAN VIEN'!$AB$15:$AB$16) | BA37: ="="&AK37 -> =DSUM('NHAN VIEN'!$E$5:$Q$2133,"3",'NHAN VIEN'!$AB$15:$AB$16) | BB37: ="="&AL37 -> =DSUM('NHAN VIEN'!$E$5:$Q$2133,"4",'NHAN VIEN'!$AB$15:$AB$16) | BC37: ="="&AM37 -> =DSUM('NHAN VIEN'!$E$5:$Q$2133,"5",'NHAN VIEN'!$AB$15:$AB$16) | BD37: ="="&AN37 -> =DSUM('NHAN VIEN'!$E$5:$Q$2133,"6",'NHAN VIEN'!$AB$15:$AB$16) | BE37: ="="&AO37 -> =DSUM('NHAN VIEN'!$E$5:$Q$2133,"7",'NHAN VIEN'!$AB$15:$AB$16) | BF37: ="="&AP37 -> =DSUM('NHAN VIEN'!$E$5:$Q$2133,"8",'NHAN VIEN'!$AB$15:$AB$16) | ... BJ37: ="="&AT37 -> =DSUM('NHAN VIEN'!$E$5:$Q$2133,"12",'NHAN VIEN'!$AB$15:$AB$16) | BR37: =R37-'KHACH HANG'!S40 -> 0
B38: =B37+1 -> 36 | C38: =VLOOKUP(B38,DMSP!$A$1:$C$39,2,0) -> 7.KHÁC | D38: =VLOOKUP(B38,DMSP!$A$1:$C$39,3,0) -> VỌT HOA XOÀI | E38: =R38 -> 21 | F38: =DSUM('KHACH HANG'!$E$5:$R$2133,"1",'KHACH HANG'!$AD$15:$AD$16) -> 0 | G38: =DSUM('KHACH HANG'!$E$5:$R$2133,"2",'KHACH HANG'!$AD$15:$AD$16) -> 0 | H38: =DSUM('KHACH HANG'!$E$5:$R$2133,"3",'KHACH HANG'!$AD$15:$AD$16) -> 0 | I38: =DSUM('KHACH HANG'!$E$5:$R$2133,"4",'KHACH HANG'!$AD$15:$AD$16) -> 0 | J38: =DSUM('KHACH HANG'!$E$5:$R$2133,"5",'KHACH HANG'!$AD$15:$AD$16) -> 0 | K38: =DSUM('KHACH HANG'!$E$5:$R$2133,"6",'KHACH HANG'!$AD$15:$AD$16) -> 21 | L38: =DSUM('KHACH HANG'!$E$5:$R$2133,"7",'KHACH HANG'!$AD$15:$AD$16) -> 0 | M38: =DSUM('KHACH HANG'!$E$5:$R$2133,"8",'KHACH HANG'!$AD$15:$AD$16) -> 0 | N38: =DSUM('KHACH HANG'!$E$5:$R$2133,"9",'KHACH HANG'!$AD$15:$AD$16) -> 0 | O38: =DSUM('KHACH HANG'!$E$5:$R$2133,"10",'KHACH HANG'!$AD$15:$AD$16) -> 0 | P38: =DSUM('KHACH HANG'!$E$5:$R$2133,"11",'KHACH HANG'!$AD$15:$AD$16) -> 0 | Q38: =DSUM('KHACH HANG'!$E$5:$R$2133,"12",'KHACH HANG'!$AD$15:$AD$16) -> 0 | R38: =SUM(F38:Q38) -> 21 | T38: AC | U38: 15 | V38: 16 | W38: DSUM('NHAN VIEN'!$E$5:$Q$2133,"1" | X38: ="DSUM('NHAN VIEN'!$E$5:$Q$2133,"&""""&$X$1&"""" -> DSUM('NHAN VIEN'!$E$5:$Q$2133,"2" | Y38: ="DSUM('NHAN VIEN'!$E$5:$Q$2133,"&""""&$Y$1&"""" -> DSUM('NHAN VIEN'!$E$5:$Q$2133,"3" | Z38: ="DSUM('NHAN VIEN'!$E$5:$Q$2133,"&""""&$Z$1&"""" -> DSUM('NHAN VIEN'!$E$5:$Q$2133,"4" | AA38: ="DSUM('NHAN VIEN'!$E$5:$Q$2133,"&""""&$AA$1&"""" -> DSUM('NHAN VIEN'!$E$5:$Q$2133,"5" | AB38: ="DSUM('NHAN VIEN'!$E$5:$Q$2133,"&""""&$AB$1&"""" -> DSUM('NHAN VIEN'!$E$5:$Q$2133,"6" | AC38: ="DSUM('NHAN VIEN'!$E$5:$Q$2133,"&""""&$AC$1&"""" -> DSUM('NHAN VIEN'!$E$5:$Q$2133,"7" | AD38: ="DSUM('NHAN VIEN'!$E$5:$Q$2133,"&""""&$AD$1&"""" -> DSUM('NHAN VIEN'!$E$5:$Q$2133,"8" | AE38: ="DSUM('NHAN VIEN'!$E$5:$Q$2133,"&""""&$AE$1&"""" -> DSUM('NHAN VIEN'!$E$5:$Q$2133,"9" | AF38: ="DSUM('NHAN VIEN'!$E$5:$Q$2133,"&""""&$AF$1&"""" -> DSUM('NHAN VIEN'!$E$5:$Q$2133,"10" | AG38: ="DSUM('NHAN VIEN'!$E$5:$Q$2133,"&""""&$AG$1&"""" -> DSUM('NHAN VIEN'!$E$5:$Q$2133,"11" | AH38: ="DSUM('NHAN VIEN'!$E$5:$Q$2133,"&""""&$AH$1&"""" -> DSUM('NHAN VIEN'!$E$5:$Q$2133,"12" | AI38: =W38&","&AV38&")" -> DSUM('NHAN VIEN'!$E$5:$Q$2133,"1",'NHAN VIEN'!$AC$15:$AC$16) | AJ38: =X38&","&AV38&")" -> DSUM('NHAN VIEN'!$E$5:$Q$2133,"2",'NHAN VIEN'!$AC$15:$AC$16) | AK38: =Y38&","&AV38&")" -> DSUM('NHAN VIEN'!$E$5:$Q$2133,"3",'NHAN VIEN'!$AC$15:$AC$16) | AL38: =Z38&","&AV38&")" -> DSUM('NHAN VIEN'!$E$5:$Q$2133,"4",'NHAN VIEN'!$AC$15:$AC$16) | AM38: =AA38&","&AV38&")" -> DSUM('NHAN VIEN'!$E$5:$Q$2133,"5",'NHAN VIEN'!$AC$15:$AC$16) | AN38: =AB38&","&AV38&")" -> DSUM('NHAN VIEN'!$E$5:$Q$2133,"6",'NHAN VIEN'!$AC$15:$AC$16) | AO38: =AC38&","&AV38&")" -> DSUM('NHAN VIEN'!$E$5:$Q$2133,"7",'NHAN VIEN'!$AC$15:$AC$16) | AP38: =AD38&","&AV38&")" -> DSUM('NHAN VIEN'!$E$5:$Q$2133,"8",'NHAN VIEN'!$AC$15:$AC$16) | AQ38: =AE38&","&AV38&")" -> DSUM('NHAN VIEN'!$E$5:$Q$2133,"9",'NHAN VIEN'!$AC$15:$AC$16) | AR38: =AF38&","&AV38&")" -> DSUM('NHAN VIEN'!$E$5:$Q$2133,"10",'NHAN VIEN'!$AC$15:$AC$16) | AS38: =AG38&","&AV38&")" -> DSUM('NHAN VIEN'!$E$5:$Q$2133,"11",'NHAN VIEN'!$AC$15:$AC$16) | AT38: =AH38&","&AV38&")" -> DSUM('NHAN VIEN'!$E$5:$Q$2133,"12",'NHAN VIEN'!$AC$15:$AC$16) | AV38: ="'NHAN VIEN'!$"&T38&"$"&U38&":$"&T38&"$"&V38 -> 'NHAN VIEN'!$AC$15:$AC$16 | AY38: ="="&AI38 -> =DSUM('NHAN VIEN'!$E$5:$Q$2133,"1",'NHAN VIEN'!$AC$15:$AC$16) | AZ38: ="="&AJ38 -> =DSUM('NHAN VIEN'!$E$5:$Q$2133,"2",'NHAN VIEN'!$AC$15:$AC$16) | BA38: ="="&AK38 -> =DSUM('NHAN VIEN'!$E$5:$Q$2133,"3",'NHAN VIEN'!$AC$15:$AC$16) | BB38: ="="&AL38 -> =DSUM('NHAN VIEN'!$E$5:$Q$2133,"4",'NHAN VIEN'!$AC$15:$AC$16) | BC38: ="="&AM38 -> =DSUM('NHAN VIEN'!$E$5:$Q$2133,"5",'NHAN VIEN'!$AC$15:$AC$16) | BD38: ="="&AN38 -> =DSUM('NHAN VIEN'!$E$5:$Q$2133,"6",'NHAN VIEN'!$AC$15:$AC$16) | BE38: ="="&AO38 -> =DSUM('NHAN VIEN'!$E$5:$Q$2133,"7",'NHAN VIEN'!$AC$15:$AC$16) | BF38: ="="&AP38 -> =DSUM('NHAN VIEN'!$E$5:$Q$2133,"8",'NHAN VIEN'!$AC$15:$AC$16) | ... BJ38: ="="&AT38 -> =DSUM('NHAN VIEN'!$E$5:$Q$2133,"12",'NHAN VIEN'!$AC$15:$AC$16) | BR38: =R38-'KHACH HANG'!S41 -> 21
B39: =B38+1 -> 37 | C39: =VLOOKUP(B39,DMSP!$A$1:$C$39,2,0) -> 7.KHÁC | D39: =VLOOKUP(B39,DMSP!$A$1:$C$39,3,0) -> VỌT HOA XOÀI | E39: =R39 -> 21 | F39: =DSUM('KHACH HANG'!$E$5:$R$2133,"1",'KHACH HANG'!$Y$17:$Y$18) -> 0 | G39: =DSUM('KHACH HANG'!$E$5:$R$2133,"2",'KHACH HANG'!$Y$17:$Y$18) -> 0 | H39: =DSUM('KHACH HANG'!$E$5:$R$2133,"3",'KHACH HANG'!$Y$17:$Y$18) -> 0 | I39: =DSUM('KHACH HANG'!$E$5:$R$2133,"4",'KHACH HANG'!$Y$17:$Y$18) -> 0 | J39: =DSUM('KHACH HANG'!$E$5:$R$2133,"5",'KHACH HANG'!$Y$17:$Y$18) -> 0 | K39: =DSUM('KHACH HANG'!$E$5:$R$2133,"6",'KHACH HANG'!$Y$17:$Y$18) -> 21 | L39: =DSUM('KHACH HANG'!$E$5:$R$2133,"7",'KHACH HANG'!$Y$17:$Y$18) -> 0 | M39: =DSUM('KHACH HANG'!$E$5:$R$2133,"8",'KHACH HANG'!$Y$17:$Y$18) -> 0 | N39: =DSUM('KHACH HANG'!$E$5:$R$2133,"9",'KHACH HANG'!$Y$17:$Y$18) -> 0 | O39: =DSUM('KHACH HANG'!$E$5:$R$2133,"10",'KHACH HANG'!$Y$17:$Y$18) -> 0 | P39: =DSUM('KHACH HANG'!$E$5:$R$2133,"11",'KHACH HANG'!$Y$17:$Y$18) -> 0 | Q39: =DSUM('KHACH HANG'!$E$5:$R$2133,"12",'KHACH HANG'!$Y$17:$Y$18) -> 0 | R39: =SUM(F39:Q39) -> 21 | T39: X | U39: 17 | V39: 18 | W39: DSUM('NHAN VIEN'!$E$5:$Q$2133,"1" | X39: ="DSUM('NHAN VIEN'!$E$5:$Q$2133,"&""""&$X$1&"""" -> DSUM('NHAN VIEN'!$E$5:$Q$2133,"2" | Y39: ="DSUM('NHAN VIEN'!$E$5:$Q$2133,"&""""&$Y$1&"""" -> DSUM('NHAN VIEN'!$E$5:$Q$2133,"3" | Z39: ="DSUM('NHAN VIEN'!$E$5:$Q$2133,"&""""&$Z$1&"""" -> DSUM('NHAN VIEN'!$E$5:$Q$2133,"4" | AA39: ="DSUM('NHAN VIEN'!$E$5:$Q$2133,"&""""&$AA$1&"""" -> DSUM('NHAN VIEN'!$E$5:$Q$2133,"5" | AB39: ="DSUM('NHAN VIEN'!$E$5:$Q$2133,"&""""&$AB$1&"""" -> DSUM('NHAN VIEN'!$E$5:$Q$2133,"6" | AC39: ="DSUM('NHAN VIEN'!$E$5:$Q$2133,"&""""&$AC$1&"""" -> DSUM('NHAN VIEN'!$E$5:$Q$2133,"7" | AD39: ="DSUM('NHAN VIEN'!$E$5:$Q$2133,"&""""&$AD$1&"""" -> DSUM('NHAN VIEN'!$E$5:$Q$2133,"8" | AE39: ="DSUM('NHAN VIEN'!$E$5:$Q$2133,"&""""&$AE$1&"""" -> DSUM('NHAN VIEN'!$E$5:$Q$2133,"9" | AF39: ="DSUM('NHAN VIEN'!$E$5:$Q$2133,"&""""&$AF$1&"""" -> DSUM('NHAN VIEN'!$E$5:$Q$2133,"10" | AG39: ="DSUM('NHAN VIEN'!$E$5:$Q$2133,"&""""&$AG$1&"""" -> DSUM('NHAN VIEN'!$E$5:$Q$2133,"11" | AH39: ="DSUM('NHAN VIEN'!$E$5:$Q$2133,"&""""&$AH$1&"""" -> DSUM('NHAN VIEN'!$E$5:$Q$2133,"12" | AI39: =W39&","&AV39&")" -> DSUM('NHAN VIEN'!$E$5:$Q$2133,"1",'NHAN VIEN'!$X$17:$X$18) | AJ39: =X39&","&AV39&")" -> DSUM('NHAN VIEN'!$E$5:$Q$2133,"2",'NHAN VIEN'!$X$17:$X$18) | AK39: =Y39&","&AV39&")" -> DSUM('NHAN VIEN'!$E$5:$Q$2133,"3",'NHAN VIEN'!$X$17:$X$18) | AL39: =Z39&","&AV39&")" -> DSUM('NHAN VIEN'!$E$5:$Q$2133,"4",'NHAN VIEN'!$X$17:$X$18) | AM39: =AA39&","&AV39&")" -> DSUM('NHAN VIEN'!$E$5:$Q$2133,"5",'NHAN VIEN'!$X$17:$X$18) | AN39: =AB39&","&AV39&")" -> DSUM('NHAN VIEN'!$E$5:$Q$2133,"6",'NHAN VIEN'!$X$17:$X$18) | AO39: =AC39&","&AV39&")" -> DSUM('NHAN VIEN'!$E$5:$Q$2133,"7",'NHAN VIEN'!$X$17:$X$18) | AP39: =AD39&","&AV39&")" -> DSUM('NHAN VIEN'!$E$5:$Q$2133,"8",'NHAN VIEN'!$X$17:$X$18) | AQ39: =AE39&","&AV39&")" -> DSUM('NHAN VIEN'!$E$5:$Q$2133,"9",'NHAN VIEN'!$X$17:$X$18) | AR39: =AF39&","&AV39&")" -> DSUM('NHAN VIEN'!$E$5:$Q$2133,"10",'NHAN VIEN'!$X$17:$X$18) | AS39: =AG39&","&AV39&")" -> DSUM('NHAN VIEN'!$E$5:$Q$2133,"11",'NHAN VIEN'!$X$17:$X$18) | AT39: =AH39&","&AV39&")" -> DSUM('NHAN VIEN'!$E$5:$Q$2133,"12",'NHAN VIEN'!$X$17:$X$18) | AV39: ="'NHAN VIEN'!$"&T39&"$"&U39&":$"&T39&"$"&V39 -> 'NHAN VIEN'!$X$17:$X$18 | AY39: ="="&AI39 -> =DSUM('NHAN VIEN'!$E$5:$Q$2133,"1",'NHAN VIEN'!$X$17:$X$18) | AZ39: ="="&AJ39 -> =DSUM('NHAN VIEN'!$E$5:$Q$2133,"2",'NHAN VIEN'!$X$17:$X$18) | BA39: ="="&AK39 -> =DSUM('NHAN VIEN'!$E$5:$Q$2133,"3",'NHAN VIEN'!$X$17:$X$18) | BB39: ="="&AL39 -> =DSUM('NHAN VIEN'!$E$5:$Q$2133,"4",'NHAN VIEN'!$X$17:$X$18) | BC39: ="="&AM39 -> =DSUM('NHAN VIEN'!$E$5:$Q$2133,"5",'NHAN VIEN'!$X$17:$X$18) | BD39: ="="&AN39 -> =DSUM('NHAN VIEN'!$E$5:$Q$2133,"6",'NHAN VIEN'!$X$17:$X$18) | BE39: ="="&AO39 -> =DSUM('NHAN VIEN'!$E$5:$Q$2133,"7",'NHAN VIEN'!$X$17:$X$18) | BF39: ="="&AP39 -> =DSUM('NHAN VIEN'!$E$5:$Q$2133,"8",'NHAN VIEN'!$X$17:$X$18) | ... BJ39: ="="&AT39 -> =DSUM('NHAN VIEN'!$E$5:$Q$2133,"12",'NHAN VIEN'!$X$17:$X$18) | BR39: =R39-'KHACH HANG'!S42 -> 21
B40: =A3 -> ĐL 1234 | D40: TONG DL | E40: =SUM(E3:E39) -> 90431 | F40: =SUM(F3:F39) -> 2739 | G40: =SUM(G3:G39) -> 7512 | H40: =SUM(H3:H39) -> 16733 | I40: =SUM(I3:I39) -> 12250 | J40: =SUM(J3:J39) -> 15721 | K40: =SUM(K3:K39) -> 5405 | L40: =SUM(L3:L39) -> 5313 | ... R40: =SUM(R3:R39) -> 90431

Sheet THEO KHÁCH HÀNG
A1: KẾ HOẠCH PHÂN BỔ DOANH SỐ 2017 TỈNH……..
G2: DOANH SỐ THỰC HIỆN THEO TỪNG THÁNG
A3: =R4 -> 90410 | F3: TRIỆU ĐỒNG | S3: =R62-E62 -> 65546
A4: DOANH SO THEO THÁNG | F4: =F62 -> 2739 | G4: =G62 -> 7512 | H4: =H62 -> 16733 | I4: =I62 -> 12250 | J4: =J62 -> 15721 | K4: =K62 -> 5384 | L4: =L62 -> 5313 | M4: =M62 -> 8573 | ... R4: =R62 -> 90410 | W4: 1 | X4: =W4+1 -> 2 | Y4: =X4+1 -> 3 | Z4: =Y4+1 -> 4 | AA4: =Z4+1 -> 5 | AB4: =AA4+1 -> 6 | AC4: =AB4+1 -> 7 | AD4: =AC4+1 -> 8 | AE4: =AD4+1 -> 9 | ... AG4: =AF4+1 -> 11
A5: NHÂN VIÊN | B5: TÊN KH | C5: tt | D5: TEN KH | E5: TỔNG CHỈ TIÊU | F5: 1 | G5: 2 | H5: 3 | I5: 4 | J5: 5 | K5: 6 | L5: 7 | M5: 8 | N5: 9 | O5: 10 | P5: 11 | Q5: 12 | R5: Grand Total | S5: TOTAL | T5: 5 | U5: 5 | W5: f | X5: g | Y5: h | Z5: i | AA5: j | AB5: k | AC5: l | AD5: m | AE5: n | AF5: o | AG5: p | AH5: q
C6: 1 | D6: ='KHACH HANG'!C43 -> GIÁO CÔNG | E6: =R6 -> 414 | F6: ='KHACH HANG'!G43 -> 127 | G6: ='KHACH HANG'!H43 -> 38 | H6: ='KHACH HANG'!I43 -> 13 | I6: ='KHACH HANG'!J43 -> 79 | J6: ='KHACH HANG'!K43 -> 25 | K6: ='KHACH HANG'!L43 -> 82 | L6: ='KHACH HANG'!M43 -> 0 | M6: ='KHACH HANG'!N43 -> 0 | ... Q6: ='KHACH HANG'!R43 -> 0 | R6: =SUM(F6:Q6) -> 414 | T6: ="'NHAN VIEN'!C"&U5+38 -> 'NHAN VIEN'!C43 | U6: =U5+38 -> 43 | V6: ="="&T6 -> ='NHAN VIEN'!C43 | W6: ="="&("'NHAN VIEN'!"&$W$5&U5+38) -> ='NHAN VIEN'!f43 | X6: ="="&("'NHAN VIEN'!"&$X$5&U5+38) -> ='NHAN VIEN'!g43 | Y6: ="="&("'NHAN VIEN'!"&$Y$5&U5+38) -> ='NHAN VIEN'!h43 | Z6: ="="&("'NHAN VIEN'!"&$Z$5&U5+38) -> ='NHAN VIEN'!i43 | AA6: ="="&("'NHAN VIEN'!"&$AA$5&U5+38) -> ='NHAN VIEN'!j43 | AB6: ="="&("'NHAN VIEN'!"&$AB$5&U5+38) -> ='NHAN VIEN'!k43 | AC6: ="="&("'NHAN VIEN'!"&$AC$5&U5+38) -> ='NHAN VIEN'!l43 | AD6: ="="&("'NHAN VIEN'!"&$AD$5&U5+38) -> ='NHAN VIEN'!m43 | AE6: ="="&("'NHAN VIEN'!"&$AE$5&U5+38) -> ='NHAN VIEN'!n43 | AF6: ="="&("'NHAN VIEN'!"&$AF$5&U5+38) -> ='NHAN VIEN'!o43 | AG6: ="="&("'NHAN VIEN'!"&$AG$5&U5+38) -> ='NHAN VIEN'!p43 | AH6: ="="&("'NHAN VIEN'!"&$AH$5&U5+38) -> ='NHAN VIEN'!q43
C7: =C6+1 -> 2 | D7: ='KHACH HANG'!C81 -> TRUNG DŨNG | E7: =R7 -> 190 | F7: ='KHACH HANG'!G81 -> 0 | G7: ='KHACH HANG'!H81 -> 30 | H7: ='KHACH HANG'!I81 -> 0 | I7: ='KHACH HANG'!J81 -> 46 | J7: ='KHACH HANG'!K81 -> 0 | K7: ='KHACH HANG'!L81 -> 0 | L7: ='KHACH HANG'!M81 -> 38 | M7: ='KHACH HANG'!N81 -> 0 | ... Q7: ='KHACH HANG'!R81 -> 38 | R7: =SUM(F7:Q7) -> 190 | T7: ="'NHAN VIEN'!C"&U6+38 -> 'NHAN VIEN'!C81 | U7: =U6+38 -> 81 | V7: ="="&T7 -> ='NHAN VIEN'!C81 | W7: ="="&("'NHAN VIEN'!"&$W$5&U6+38) -> ='NHAN VIEN'!f81 | X7: ="="&("'NHAN VIEN'!"&$X$5&U6+38) -> ='NHAN VIEN'!g81 | Y7: ="="&("'NHAN VIEN'!"&$Y$5&U6+38) -> ='NHAN VIEN'!h81 | Z7: ="="&("'NHAN VIEN'!"&$Z$5&U6+38) -> ='NHAN VIEN'!i81 | AA7: ="="&("'NHAN VIEN'!"&$AA$5&U6+38) -> ='NHAN VIEN'!j81 | AB7: ="="&("'NHAN VIEN'!"&$AB$5&U6+38) -> ='NHAN VIEN'!k81 | AC7: ="="&("'NHAN VIEN'!"&$AC$5&U6+38) -> ='NHAN VIEN'!l81 | AD7: ="="&("'NHAN VIEN'!"&$AD$5&U6+38) -> ='NHAN VIEN'!m81 | AE7: ="="&("'NHAN VIEN'!"&$AE$5&U6+38) -> ='NHAN VIEN'!n81 | AF7: ="="&("'NHAN VIEN'!"&$AF$5&U6+38) -> ='NHAN VIEN'!o81 | AG7: ="="&("'NHAN VIEN'!"&$AG$5&U6+38) -> ='NHAN VIEN'!p81 | AH7: ="="&("'NHAN VIEN'!"&$AH$5&U6+38) -> ='NHAN VIEN'!q81
C8: =C7+1 -> 3 | D8: ='KHACH HANG'!C119 -> TRẦN VĂN KIỀN | E8: =R8 -> 97 | F8: ='KHACH HANG'!G119 -> 0 | G8: ='KHACH HANG'!H119 -> 28 | H8: ='KHACH HANG'!I119 -> 0 | I8: ='KHACH HANG'!J119 -> 9 | J8: ='KHACH HANG'!K119 -> 22 | K8: ='KHACH HANG'!L119 -> 11 | L8: ='KHACH HANG'!M119 -> 0 | M8: ='KHACH HANG'!N119 -> 0 | ... Q8: ='KHACH HANG'!R119 -> 0 | R8: =SUM(F8:Q8) -> 97 | T8: ="'NHAN VIEN'!C"&U7+38 -> 'NHAN VIEN'!C119 | U8: =U7+38 -> 119 | V8: ="="&T8 -> ='NHAN VIEN'!C119 | W8: ="="&("'NHAN VIEN'!"&$W$5&U7+38) -> ='NHAN VIEN'!f119 | X8: ="="&("'NHAN VIEN'!"&$X$5&U7+38) -> ='NHAN VIEN'!g119 | Y8: ="="&("'NHAN VIEN'!"&$Y$5&U7+38) -> ='NHAN VIEN'!h119 | Z8: ="="&("'NHAN VIEN'!"&$Z$5&U7+38) -> ='NHAN VIEN'!i119 | AA8: ="="&("'NHAN VIEN'!"&$AA$5&U7+38) -> ='NHAN VIEN'!j119 | AB8: ="="&("'NHAN VIEN'!"&$AB$5&U7+38) -> ='NHAN VIEN'!k119 | AC8: ="="&("'NHAN VIEN'!"&$AC$5&U7+38) -> ='NHAN VIEN'!l119 | AD8: ="="&("'NHAN VIEN'!"&$AD$5&U7+38) -> ='NHAN VIEN'!m119 | AE8: ="="&("'NHAN VIEN'!"&$AE$5&U7+38) -> ='NHAN VIEN'!n119 | AF8: ="="&("'NHAN VIEN'!"&$AF$5&U7+38) -> ='NHAN VIEN'!o119 | AG8: ="="&("'NHAN VIEN'!"&$AG$5&U7+38) -> ='NHAN VIEN'!p119 | AH8: ="="&("'NHAN VIEN'!"&$AH$5&U7+38) -> ='NHAN VIEN'!q119
C9: =C8+1 -> 4 | D9: ='KHACH HANG'!C157 -> MỸ DUNG | E9: =R9 -> 19 | F9: ='KHACH HANG'!G157 -> 0 | G9: ='KHACH HANG'!H157 -> 7 | H9: ='KHACH HANG'!I157 -> 0 | I9: ='KHACH HANG'!J157 -> 5 | J9: ='KHACH HANG'!K157 -> 4 | K9: ='KHACH HANG'!L157 -> 0 | L9: ='KHACH HANG'!M157 -> 3 | M9: ='KHACH HANG'!N157 -> 0 | ... Q9: ='KHACH HANG'!R157 -> 0 | R9: =SUM(F9:Q9) -> 19 | T9: ="'NHAN VIEN'!C"&U8+38 -> 'NHAN VIEN'!C157 | U9: =U8+38 -> 157 | V9: ="="&T9 -> ='NHAN VIEN'!C157 | W9: ="="&("'NHAN VIEN'!"&$W$5&U8+38) -> ='NHAN VIEN'!f157 | X9: ="="&("'NHAN VIEN'!"&$X$5&U8+38) -> ='NHAN VIEN'!g157 | Y9: ="="&("'NHAN VIEN'!"&$Y$5&U8+38) -> ='NHAN VIEN'!h157 | Z9: ="="&("'NHAN VIEN'!"&$Z$5&U8+38) -> ='NHAN VIEN'!i157 | AA9: ="="&("'NHAN VIEN'!"&$AA$5&U8+38) -> ='NHAN VIEN'!j157 | AB9: ="="&("'NHAN VIEN'!"&$AB$5&U8+38) -> ='NHAN VIEN'!k157 | AC9: ="="&("'NHAN VIEN'!"&$AC$5&U8+38) -> ='NHAN VIEN'!l157 | AD9: ="="&("'NHAN VIEN'!"&$AD$5&U8+38) -> ='NHAN VIEN'!m157 | AE9: ="="&("'NHAN VIEN'!"&$AE$5&U8+38) -> ='NHAN VIEN'!n157 | AF9: ="="&("'NHAN VIEN'!"&$AF$5&U8+38) -> ='NHAN VIEN'!o157 | AG9: ="="&("'NHAN VIEN'!"&$AG$5&U8+38) -> ='NHAN VIEN'!p157 | AH9: ="="&("'NHAN VIEN'!"&$AH$5&U8+38) -> ='NHAN VIEN'!q157
C10: =C9+1 -> 5 | D10: ='KHACH HANG'!C195 -> HÙNG BẾ | E10: =R10 -> 45978 | F10: ='KHACH HANG'!G195 -> 2168 | G10: ='KHACH HANG'!H195 -> 3538 | H10: ='KHACH HANG'!I195 -> 7673 | I10: ='KHACH HANG'!J195 -> 5705 | J10: ='KHACH HANG'!K195 -> 7436 | K10: ='KHACH HANG'!L195 -> 2302 | L10: ='KHACH HANG'!M195 -> 3225 | M10: ='KHACH HANG'!N195 -> 5386 | ... Q10: ='KHACH HANG'!R195 -> 524 | R10: =SUM(F10:Q10) -> 45978 | T10: ="'NHAN VIEN'!C"&U9+38 -> 'NHAN VIEN'!C195 | U10: =U9+38 -> 195 | V10: ="="&T10 -> ='NHAN VIEN'!C195 | W10: ="="&("'NHAN VIEN'!"&$W$5&U9+38) -> ='NHAN VIEN'!f195 | X10: ="="&("'NHAN VIEN'!"&$X$5&U9+38) -> ='NHAN VIEN'!g195 | Y10: ="="&("'NHAN VIEN'!"&$Y$5&U9+38) -> ='NHAN VIEN'!h195 | Z10: ="="&("'NHAN VIEN'!"&$Z$5&U9+38) -> ='NHAN VIEN'!i195 | AA10: ="="&("'NHAN VIEN'!"&$AA$5&U9+38) -> ='NHAN VIEN'!j195 | AB10: ="="&("'NHAN VIEN'!"&$AB$5&U9+38) -> ='NHAN VIEN'!k195 | AC10: ="="&("'NHAN VIEN'!"&$AC$5&U9+38) -> ='NHAN VIEN'!l195 | AD10: ="="&("'NHAN VIEN'!"&$AD$5&U9+38) -> ='NHAN VIEN'!m195 | AE10: ="="&("'NHAN VIEN'!"&$AE$5&U9+38) -> ='NHAN VIEN'!n195 | AF10: ="="&("'NHAN VIEN'!"&$AF$5&U9+38) -> ='NHAN VIEN'!o195 | AG10: ="="&("'NHAN VIEN'!"&$AG$5&U9+38) -> ='NHAN VIEN'!p195 | AH10: ="="&("'NHAN VIEN'!"&$AH$5&U9+38) -> ='NHAN VIEN'!q195
C11: =C10+1 -> 6 | D11: ='KHACH HANG'!C233 -> TƯ NHIỀU | E11: =R11 -> 481 | F11: ='KHACH HANG'!G233 -> 80 | G11: ='KHACH HANG'!H233 -> 75 | H11: ='KHACH HANG'!I233 -> 17 | I11: ='KHACH HANG'!J233 -> 98 | J11: ='KHACH HANG'!K233 -> 46 | K11: ='KHACH HANG'!L233 -> 25 | L11: ='KHACH HANG'!M233 -> 25 | M11: ='KHACH HANG'!N233 -> 25 | ... Q11: ='KHACH HANG'!R233 -> 0 | R11: =SUM(F11:Q11) -> 481 | T11: ="'NHAN VIEN'!C"&U10+38 -> 'NHAN VIEN'!C233 | U11: =U10+38 -> 233 | V11: ="="&T11 -> ='NHAN VIEN'!C233 | W11: ="="&("'NHAN VIEN'!"&$W$5&U10+38) -> ='NHAN VIEN'!f233 | X11: ="="&("'NHAN VIEN'!"&$X$5&U10+38) -> ='NHAN VIEN'!g233 | Y11: ="="&("'NHAN VIEN'!"&$Y$5&U10+38) -> ='NHAN VIEN'!h233 | Z11: ="="&("'NHAN VIEN'!"&$Z$5&U10+38) -> ='NHAN VIEN'!i233 | AA11: ="="&("'NHAN VIEN'!"&$AA$5&U10+38) -> ='NHAN VIEN'!j233 | AB11: ="="&("'NHAN VIEN'!"&$AB$5&U10+38) -> ='NHAN VIEN'!k233 | AC11: ="="&("'NHAN VIEN'!"&$AC$5&U10+38) -> ='NHAN VIEN'!l233 | AD11: ="="&("'NHAN VIEN'!"&$AD$5&U10+38) -> ='NHAN VIEN'!m233 | AE11: ="="&("'NHAN VIEN'!"&$AE$5&U10+38) -> ='NHAN VIEN'!n233 | AF11: ="="&("'NHAN VIEN'!"&$AF$5&U10+38) -> ='NHAN VIEN'!o233 | AG11: ="="&("'NHAN VIEN'!"&$AG$5&U10+38) -> ='NHAN VIEN'!p233 | AH11: ="="&("'NHAN VIEN'!"&$AH$5&U10+38) -> ='NHAN VIEN'!q233
C12: =C11+1 -> 7 | D12: ='KHACH HANG'!C271 -> VHD | E12: =R12 -> 42476 | F12: ='KHACH HANG'!G271 -> 289 | G12: ='KHACH HANG'!H271 -> 3782 | H12: ='KHACH HANG'!I271 -> 9000 | I12: ='KHACH HANG'!J271 -> 6165 | J12: ='KHACH HANG'!K271 -> 8144 | K12: ='KHACH HANG'!L271 -> 2929 | L12: ='KHACH HANG'!M271 -> 1963 | M12: ='KHACH HANG'!N271 -> 3070 | ... Q12: ='KHACH HANG'!R271 -> 48 | R12: =SUM(F12:Q12) -> 42476 | T12: ="'NHAN VIEN'!C"&U11+38 -> 'NHAN VIEN'!C271 | U12: =U11+38 -> 271 | V12: ="="&T12 -> ='NHAN VIEN'!C271 | W12: ="="&("'NHAN VIEN'!"&$W$5&U11+38) -> ='NHAN VIEN'!f271 | X12: ="="&("'NHAN VIEN'!"&$X$5&U11+38) -> ='NHAN VIEN'!g271 | Y12: ="="&("'NHAN VIEN'!"&$Y$5&U11+38) -> ='NHAN VIEN'!h271 | Z12: ="="&("'NHAN VIEN'!"&$Z$5&U11+38) -> ='NHAN VIEN'!i271 | AA12: ="="&("'NHAN VIEN'!"&$AA$5&U11+38) -> ='NHAN VIEN'!j271 | AB12: ="="&("'NHAN VIEN'!"&$AB$5&U11+38) -> ='NHAN VIEN'!k271 | AC12: ="="&("'NHAN VIEN'!"&$AC$5&U11+38) -> ='NHAN VIEN'!l271 | AD12: ="="&("'NHAN VIEN'!"&$AD$5&U11+38) -> ='NHAN VIEN'!m271 | AE12: ="="&("'NHAN VIEN'!"&$AE$5&U11+38) -> ='NHAN VIEN'!n271 | AF12: ="="&("'NHAN VIEN'!"&$AF$5&U11+38) -> ='NHAN VIEN'!o271 | AG12: ="="&("'NHAN VIEN'!"&$AG$5&U11+38) -> ='NHAN VIEN'!p271 | AH12: ="="&("'NHAN VIEN'!"&$AH$5&U11+38) -> ='NHAN VIEN'!q271
C13: =C12+1 -> 8 | D13: ='KHACH HANG'!C309 -> MINH TRIỀU | E13: =R13 -> 32 | F13: ='KHACH HANG'!G309 -> 0 | G13: ='KHACH HANG'!H309 -> 14 | H13: ='KHACH HANG'!I309 -> 0 | I13: ='KHACH HANG'!J309 -> 0 | J13: ='KHACH HANG'!K309 -> 0 | K13: ='KHACH HANG'!L309 -> 18 | L13: ='KHACH HANG'!M309 -> 0 | M13: ='KHACH HANG'!N309 -> 0 | ... Q13: ='KHACH HANG'!R309 -> 0 | R13: =SUM(F13:Q13) -> 32 | T13: ="'NHAN VIEN'!C"&U12+38 -> 'NHAN VIEN'!C309 | U13: =U12+38 -> 309 | V13: ="="&T13 -> ='NHAN VIEN'!C309 | W13: ="="&("'NHAN VIEN'!"&$W$5&U12+38) -> ='NHAN VIEN'!f309 | X13: ="="&("'NHAN VIEN'!"&$X$5&U12+38) -> ='NHAN VIEN'!g309 | Y13: ="="&("'NHAN VIEN'!"&$Y$5&U12+38) -> ='NHAN VIEN'!h309 | Z13: ="="&("'NHAN VIEN'!"&$Z$5&U12+38) -> ='NHAN VIEN'!i309 | AA13: ="="&("'NHAN VIEN'!"&$AA$5&U12+38) -> ='NHAN VIEN'!j309 | AB13: ="="&("'NHAN VIEN'!"&$AB$5&U12+38) -> ='NHAN VIEN'!k309 | AC13: ="="&("'NHAN VIEN'!"&$AC$5&U12+38) -> ='NHAN VIEN'!l309 | AD13: ="="&("'NHAN VIEN'!"&$AD$5&U12+38) -> ='NHAN VIEN'!m309 | AE13: ="="&("'NHAN VIEN'!"&$AE$5&U12+38) -> ='NHAN VIEN'!n309 | AF13: ="="&("'NHAN VIEN'!"&$AF$5&U12+38) -> ='NHAN VIEN'!o309 | AG13: ="="&("'NHAN VIEN'!"&$AG$5&U12+38) -> ='NHAN VIEN'!p309 | AH13: ="="&("'NHAN VIEN'!"&$AH$5&U12+38) -> ='NHAN VIEN'!q309
C14: =C13+1 -> 9 | D14: ='KHACH HANG'!C347 -> THÀNH ĐẠT | E14: =R14 -> 20 | F14: ='KHACH HANG'!G347 -> 10 | G14: ='KHACH HANG'!H347 -> 0 | H14: ='KHACH HANG'!I347 -> 0 | I14: ='KHACH HANG'!J347 -> 0 | J14: ='KHACH HANG'!K347 -> 10 | K14: ='KHACH HANG'!L347 -> 0 | L14: ='KHACH HANG'!M347 -> 0 | M14: ='KHACH HANG'!N347 -> 0 | ... Q14: ='KHACH HANG'!R347 -> 0 | R14: =SUM(F14:Q14) -> 20 | T14: ="'NHAN VIEN'!C"&U13+38 -> 'NHAN VIEN'!C347 | U14: =U13+38 -> 347 | V14: ="="&T14 -> ='NHAN VIEN'!C347 | W14: ="="&("'NHAN VIEN'!"&$W$5&U13+38) -> ='NHAN VIEN'!f347 | X14: ="="&("'NHAN VIEN'!"&$X$5&U13+38) -> ='NHAN VIEN'!g347 | Y14: ="="&("'NHAN VIEN'!"&$Y$5&U13+38) -> ='NHAN VIEN'!h347 | Z14: ="="&("'NHAN VIEN'!"&$Z$5&U13+38) -> ='NHAN VIEN'!i347 | AA14: ="="&("'NHAN VIEN'!"&$AA$5&U13+38) -> ='NHAN VIEN'!j347 | AB14: ="="&("'NHAN VIEN'!"&$AB$5&U13+38) -> ='NHAN VIEN'!k347 | AC14: ="="&("'NHAN VIEN'!"&$AC$5&U13+38) -> ='NHAN VIEN'!l347 | AD14: ="="&("'NHAN VIEN'!"&$AD$5&U13+38) -> ='NHAN VIEN'!m347 | AE14: ="="&("'NHAN VIEN'!"&$AE$5&U13+38) -> ='NHAN VIEN'!n347 | AF14: ="="&("'NHAN VIEN'!"&$AF$5&U13+38) -> ='NHAN VIEN'!o347 | AG14: ="="&("'NHAN VIEN'!"&$AG$5&U13+38) -> ='NHAN VIEN'!p347 | AH14: ="="&("'NHAN VIEN'!"&$AH$5&U13+38) -> ='NHAN VIEN'!q347
C15: =C14+1 -> 10 | D15: ='KHACH HANG'!C385 -> THANH TÂM | E15: =R15 -> 80 | F15: ='KHACH HANG'!G385 -> 14 | G15: ='KHACH HANG'!H385 -> 0 | H15: ='KHACH HANG'!I385 -> 0 | I15: ='KHACH HANG'!J385 -> 0 | J15: ='KHACH HANG'!K385 -> 14 | K15: ='KHACH HANG'!L385 -> 0 | L15: ='KHACH HANG'!M385 -> 14 | M15: ='KHACH HANG'!N385 -> 0 | ... Q15: ='KHACH HANG'!R385 -> 0 | R15: =SUM(F15:Q15) -> 80 | T15: ="'NHAN VIEN'!C"&U14+38 -> 'NHAN VIEN'!C385 | U15: =U14+38 -> 385 | V15: ="="&T15 -> ='NHAN VIEN'!C385 | W15: ="="&("'NHAN VIEN'!"&$W$5&U14+38) -> ='NHAN VIEN'!f385 | X15: ="="&("'NHAN VIEN'!"&$X$5&U14+38) -> ='NHAN VIEN'!g385 | Y15: ="="&("'NHAN VIEN'!"&$Y$5&U14+38) -> ='NHAN VIEN'!h385 | Z15: ="="&("'NHAN VIEN'!"&$Z$5&U14+38) -> ='NHAN VIEN'!i385 | AA15: ="="&("'NHAN VIEN'!"&$AA$5&U14+38) -> ='NHAN VIEN'!j385 | AB15: ="="&("'NHAN VIEN'!"&$AB$5&U14+38) -> ='NHAN VIEN'!k385 | AC15: ="="&("'NHAN VIEN'!"&$AC$5&U14+38) -> ='NHAN VIEN'!l385 | AD15: ="="&("'NHAN VIEN'!"&$AD$5&U14+38) -> ='NHAN VIEN'!m385 | AE15: ="="&("'NHAN VIEN'!"&$AE$5&U14+38) -> ='NHAN VIEN'!n385 | AF15: ="="&("'NHAN VIEN'!"&$AF$5&U14+38) -> ='NHAN VIEN'!o385 | AG15: ="="&("'NHAN VIEN'!"&$AG$5&U14+38) -> ='NHAN VIEN'!p385 | AH15: ="="&("'NHAN VIEN'!"&$AH$5&U14+38) -> ='NHAN VIEN'!q385
C16: =C15+1 -> 11 | D16: ='KHACH HANG'!C423 -> THANH LIÊM | E16: =R16 -> 204 | F16: ='KHACH HANG'!G423 -> 19 | G16: ='KHACH HANG'!H423 -> 0 | H16: ='KHACH HANG'!I423 -> 0 | I16: ='KHACH HANG'!J423 -> 123 | J16: ='KHACH HANG'!K423 -> 18 | K16: ='KHACH HANG'!L423 -> 0 | L16: ='KHACH HANG'!M423 -> 0 | M16: ='KHACH HANG'!N423 -> 0 | ... Q16: ='KHACH HANG'!R423 -> 44 | R16: =SUM(F16:Q16) -> 204 | T16: ="'NHAN VIEN'!C"&U15+38 -> 'NHAN VIEN'!C423 | U16: =U15+38 -> 423 | V16: ="="&T16 -> ='NHAN VIEN'!C423 | W16: ="="&("'NHAN VIEN'!"&$W$5&U15+38) -> ='NHAN VIEN'!f423 | X16: ="="&("'NHAN VIEN'!"&$X$5&U15+38) -> ='NHAN VIEN'!g423 | Y16: ="="&("'NHAN VIEN'!"&$Y$5&U15+38) -> ='NHAN VIEN'!h423 | Z16: ="="&("'NHAN VIEN'!"&$Z$5&U15+38) -> ='NHAN VIEN'!i423 | AA16: ="="&("'NHAN VIEN'!"&$AA$5&U15+38) -> ='NHAN VIEN'!j423 | AB16: ="="&("'NHAN VIEN'!"&$AB$5&U15+38) -> ='NHAN VIEN'!k423 | AC16: ="="&("'NHAN VIEN'!"&$AC$5&U15+38) -> ='NHAN VIEN'!l423 | AD16: ="="&("'NHAN VIEN'!"&$AD$5&U15+38) -> ='NHAN VIEN'!m423 | AE16: ="="&("'NHAN VIEN'!"&$AE$5&U15+38) -> ='NHAN VIEN'!n423 | AF16: ="="&("'NHAN VIEN'!"&$AF$5&U15+38) -> ='NHAN VIEN'!o423 | AG16: ="="&("'NHAN VIEN'!"&$AG$5&U15+38) -> ='NHAN VIEN'!p423 | AH16: ="="&("'NHAN VIEN'!"&$AH$5&U15+38) -> ='NHAN VIEN'!q423
C17: =SUM(C5:C16) -> 66 | D17: ='KHACH HANG'!C461 -> KIM DUNG | E17: =R17 -> 51 | F17: ='KHACH HANG'!G461 -> 32 | G17: ='KHACH HANG'!H461 -> 0 | H17: ='KHACH HANG'!I461 -> 12 | I17: ='KHACH HANG'!J461 -> 0 | J17: ='KHACH HANG'!K461 -> 2 | K17: ='KHACH HANG'!L461 -> 0 | L17: ='KHACH HANG'!M461 -> 0 | M17: ='KHACH HANG'!N461 -> 0 | ... Q17: ='KHACH HANG'!R461 -> 5 | R17: =SUM(F17:Q17) -> 51 | T17: ="'NHAN VIEN'!C"&U16+38 -> 'NHAN VIEN'!C461 | U17: =U16+38 -> 461 | V17: ="="&T17 -> ='NHAN VIEN'!C461 | W17: ="="&("'NHAN VIEN'!"&$W$5&U16+38) -> ='NHAN VIEN'!f461 | X17: ="="&("'NHAN VIEN'!"&$X$5&U16+38) -> ='NHAN VIEN'!g461 | Y17: ="="&("'NHAN VIEN'!"&$Y$5&U16+38) -> ='NHAN VIEN'!h461 | Z17: ="="&("'NHAN VIEN'!"&$Z$5&U16+38) -> ='NHAN VIEN'!i461 | AA17: ="="&("'NHAN VIEN'!"&$AA$5&U16+38) -> ='NHAN VIEN'!j461 | AB17: ="="&("'NHAN VIEN'!"&$AB$5&U16+38) -> ='NHAN VIEN'!k461 | AC17: ="="&("'NHAN VIEN'!"&$AC$5&U16+38) -> ='NHAN VIEN'!l461 | AD17: ="="&("'NHAN VIEN'!"&$AD$5&U16+38) -> ='NHAN VIEN'!m461 | AE17: ="="&("'NHAN VIEN'!"&$AE$5&U16+38) -> ='NHAN VIEN'!n461 | AF17: ="="&("'NHAN VIEN'!"&$AF$5&U16+38) -> ='NHAN VIEN'!o461 | AG17: ="="&("'NHAN VIEN'!"&$AG$5&U16+38) -> ='NHAN VIEN'!p461 | AH17: ="="&("'NHAN VIEN'!"&$AH$5&U16+38) -> ='NHAN VIEN'!q461
C18: =C17+1 -> 67 | D18: ='KHACH HANG'!C499 -> BA THƠ | E18: =R18 -> 18 | F18: ='KHACH HANG'!G499 -> 0 | G18: ='KHACH HANG'!H499 -> 0 | H18: ='KHACH HANG'!I499 -> 18 | I18: ='KHACH HANG'!J499 -> 0 | J18: ='KHACH HANG'!K499 -> 0 | K18: ='KHACH HANG'!L499 -> 0 | L18: ='KHACH HANG'!M499 -> 0 | M18: ='KHACH HANG'!N499 -> 0 | ... Q18: ='KHACH HANG'!R499 -> 0 | R18: =SUM(F18:Q18) -> 18 | T18: ="'NHAN VIEN'!C"&U17+38 -> 'NHAN VIEN'!C499 | U18: =U17+38 -> 499 | V18: ="="&T18 -> ='NHAN VIEN'!C499 | W18: ="="&("'NHAN VIEN'!"&$W$5&U17+38) -> ='NHAN VIEN'!f499 | X18: ="="&("'NHAN VIEN'!"&$X$5&U17+38) -> ='NHAN VIEN'!g499 | Y18: ="="&("'NHAN VIEN'!"&$Y$5&U17+38) -> ='NHAN VIEN'!h499 | Z18: ="="&("'NHAN VIEN'!"&$Z$5&U17+38) -> ='NHAN VIEN'!i499 | AA18: ="="&("'NHAN VIEN'!"&$AA$5&U17+38) -> ='NHAN VIEN'!j499 | AB18: ="="&("'NHAN VIEN'!"&$AB$5&U17+38) -> ='NHAN VIEN'!k499 | AC18: ="="&("'NHAN VIEN'!"&$AC$5&U17+38) -> ='NHAN VIEN'!l499 | AD18: ="="&("'NHAN VIEN'!"&$AD$5&U17+38) -> ='NHAN VIEN'!m499 | AE18: ="="&("'NHAN VIEN'!"&$AE$5&U17+38) -> ='NHAN VIEN'!n499 | AF18: ="="&("'NHAN VIEN'!"&$AF$5&U17+38) -> ='NHAN VIEN'!o499 | AG18: ="="&("'NHAN VIEN'!"&$AG$5&U17+38) -> ='NHAN VIEN'!p499 | AH18: ="="&("'NHAN VIEN'!"&$AH$5&U17+38) -> ='NHAN VIEN'!q499
C19: =C18+1 -> 68 | D19: ='KHACH HANG'!C537 -> GIÁO DẨN | E19: =R19 -> 11 | F19: ='KHACH HANG'!G537 -> 0 | G19: ='KHACH HANG'!H537 -> 0 | H19: ='KHACH HANG'!I537 -> 0 | I19: ='KHACH HANG'!J537 -> 3 | J19: ='KHACH HANG'!K537 -> 0 | K19: ='KHACH HANG'!L537 -> 0 | L19: ='KHACH HANG'!M537 -> 0 | M19: ='KHACH HANG'!N537 -> 8 | ... Q19: ='KHACH HANG'!R537 -> 0 | R19: =SUM(F19:Q19) -> 11 | T19: ="'NHAN VIEN'!C"&U18+38 -> 'NHAN VIEN'!C537 | U19: =U18+38 -> 537 | V19: ="="&T19 -> ='NHAN VIEN'!C537 | W19: ="="&("'NHAN VIEN'!"&$W$5&U18+38) -> ='NHAN VIEN'!f537 | X19: ="="&("'NHAN VIEN'!"&$X$5&U18+38) -> ='NHAN VIEN'!g537 | Y19: ="="&("'NHAN VIEN'!"&$Y$5&U18+38) -> ='NHAN VIEN'!h537 | Z19: ="="&("'NHAN VIEN'!"&$Z$5&U18+38) -> ='NHAN VIEN'!i537 | AA19: ="="&("'NHAN VIEN'!"&$AA$5&U18+38) -> ='NHAN VIEN'!j537 | AB19: ="="&("'NHAN VIEN'!"&$AB$5&U18+38) -> ='NHAN VIEN'!k537 | AC19: ="="&("'NHAN VIEN'!"&$AC$5&U18+38) -> ='NHAN VIEN'!l537 | AD19: ="="&("'NHAN VIEN'!"&$AD$5&U18+38) -> ='NHAN VIEN'!m537 | AE19: ="="&("'NHAN VIEN'!"&$AE$5&U18+38) -> ='NHAN VIEN'!n537 | AF19: ="="&("'NHAN VIEN'!"&$AF$5&U18+38) -> ='NHAN VIEN'!o537 | AG19: ="="&("'NHAN VIEN'!"&$AG$5&U18+38) -> ='NHAN VIEN'!p537 | AH19: ="="&("'NHAN VIEN'!"&$AH$5&U18+38) -> ='NHAN VIEN'!q537
C20: =C19+1 -> 69 | D20: ='KHACH HANG'!C575 -> TƯ HỪNG | E20: =R20 -> 34 | F20: ='KHACH HANG'!G575 -> 0 | G20: ='KHACH HANG'!H575 -> 0 | H20: ='KHACH HANG'!I575 -> 0 | I20: ='KHACH HANG'!J575 -> 17 | J20: ='KHACH HANG'!K575 -> 0 | K20: ='KHACH HANG'!L575 -> 17 | L20: ='KHACH HANG'!M575 -> 0 | M20: ='KHACH HANG'!N575 -> 0 | ... Q20: ='KHACH HANG'!R575 -> 0 | R20: =SUM(F20:Q20) -> 34 | T20: ="'NHAN VIEN'!C"&U19+38 -> 'NHAN VIEN'!C575 | U20: =U19+38 -> 575 | V20: ="="&T20 -> ='NHAN VIEN'!C575 | W20: ="="&("'NHAN VIEN'!"&$W$5&U19+38) -> ='NHAN VIEN'!f575 | X20: ="="&("'NHAN VIEN'!"&$X$5&U19+38) -> ='NHAN VIEN'!g575 | Y20: ="="&("'NHAN VIEN'!"&$Y$5&U19+38) -> ='NHAN VIEN'!h575 | Z20: ="="&("'NHAN VIEN'!"&$Z$5&U19+38) -> ='NHAN VIEN'!i575 | AA20: ="="&("'NHAN VIEN'!"&$AA$5&U19+38) -> ='NHAN VIEN'!j575 | AB20: ="="&("'NHAN VIEN'!"&$AB$5&U19+38) -> ='NHAN VIEN'!k575 | AC20: ="="&("'NHAN VIEN'!"&$AC$5&U19+38) -> ='NHAN VIEN'!l575 | AD20: ="="&("'NHAN VIEN'!"&$AD$5&U19+38) -> ='NHAN VIEN'!m575 | AE20: ="="&("'NHAN VIEN'!"&$AE$5&U19+38) -> ='NHAN VIEN'!n575 | AF20: ="="&("'NHAN VIEN'!"&$AF$5&U19+38) -> ='NHAN VIEN'!o575 | AG20: ="="&("'NHAN VIEN'!"&$AG$5&U19+38) -> ='NHAN VIEN'!p575 | AH20: ="="&("'NHAN VIEN'!"&$AH$5&U19+38) -> ='NHAN VIEN'!q575
C21: =C20+1 -> 70 | D21: ='KHACH HANG'!C613 -> HOÀNG PHÁT | E21: =R21 -> 24 | F21: ='KHACH HANG'!G613 -> 0 | G21: ='KHACH HANG'!H613 -> 0 | H21: ='KHACH HANG'!I613 -> 0 | I21: ='KHACH HANG'!J613 -> 0 | J21: ='KHACH HANG'!K613 -> 0 | K21: ='KHACH HANG'!L613 -> 0 | L21: ='KHACH HANG'!M613 -> 24 | M21: ='KHACH HANG'!N613 -> 0 | ... Q21: ='KHACH HANG'!R613 -> 0 | R21: =SUM(F21:Q21) -> 24 | T21: ="'NHAN VIEN'!C"&U20+38 -> 'NHAN VIEN'!C613 | U21: =U20+38 -> 613 | V21: ="="&T21 -> ='NHAN VIEN'!C613 | W21: ="="&("'NHAN VIEN'!"&$W$5&U20+38) -> ='NHAN VIEN'!f613 | X21: ="="&("'NHAN VIEN'!"&$X$5&U20+38) -> ='NHAN VIEN'!g613 | Y21: ="="&("'NHAN VIEN'!"&$Y$5&U20+38) -> ='NHAN VIEN'!h613 | Z21: ="="&("'NHAN VIEN'!"&$Z$5&U20+38) -> ='NHAN VIEN'!i613 | AA21: ="="&("'NHAN VIEN'!"&$AA$5&U20+38) -> ='NHAN VIEN'!j613 | AB21: ="="&("'NHAN VIEN'!"&$AB$5&U20+38) -> ='NHAN VIEN'!k613 | AC21: ="="&("'NHAN VIEN'!"&$AC$5&U20+38) -> ='NHAN VIEN'!l613 | AD21: ="="&("'NHAN VIEN'!"&$AD$5&U20+38) -> ='NHAN VIEN'!m613 | AE21: ="="&("'NHAN VIEN'!"&$AE$5&U20+38) -> ='NHAN VIEN'!n613 | AF21: ="="&("'NHAN VIEN'!"&$AF$5&U20+38) -> ='NHAN VIEN'!o613 | AG21: ="="&("'NHAN VIEN'!"&$AG$5&U20+38) -> ='NHAN VIEN'!p613 | AH21: ="="&("'NHAN VIEN'!"&$AH$5&U20+38) -> ='NHAN VIEN'!q613
C22: =C21+1 -> 71 | D22: ='KHACH HANG'!C651 -> PHƯỚC LỢI | E22: =R22 -> 51 | F22: ='KHACH HANG'!G651 -> 0 | G22: ='KHACH HANG'!H651 -> 0 | H22: ='KHACH HANG'!I651 -> 0 | I22: ='KHACH HANG'!J651 -> 0 | J22: ='KHACH HANG'!K651 -> 0 | K22: ='KHACH HANG'!L651 -> 0 | L22: ='KHACH HANG'!M651 -> 21 | M22: ='KHACH HANG'!N651 -> 0 | ... Q22: ='KHACH HANG'!R651 -> 0 | R22: =SUM(F22:Q22) -> 51 | T22: ="'NHAN VIEN'!C"&U21+38 -> 'NHAN VIEN'!C651 | U22: =U21+38 -> 651 | V22: ="="&T22 -> ='NHAN VIEN'!C651 | W22: ="="&("'NHAN VIEN'!"&$W$5&U21+38) -> ='NHAN VIEN'!f651 | X22: ="="&("'NHAN VIEN'!"&$X$5&U21+38) -> ='NHAN VIEN'!g651 | Y22: ="="&("'NHAN VIEN'!"&$Y$5&U21+38) -> ='NHAN VIEN'!h651 | Z22: ="="&("'NHAN VIEN'!"&$Z$5&U21+38) -> ='NHAN VIEN'!i651 | AA22: ="="&("'NHAN VIEN'!"&$AA$5&U21+38) -> ='NHAN VIEN'!j651 | AB22: ="="&("'NHAN VIEN'!"&$AB$5&U21+38) -> ='NHAN VIEN'!k651 | AC22: ="="&("'NHAN VIEN'!"&$AC$5&U21+38) -> ='NHAN VIEN'!l651 | AD22: ="="&("'NHAN VIEN'!"&$AD$5&U21+38) -> ='NHAN VIEN'!m651 | AE22: ="="&("'NHAN VIEN'!"&$AE$5&U21+38) -> ='NHAN VIEN'!n651 | AF22: ="="&("'NHAN VIEN'!"&$AF$5&U21+38) -> ='NHAN VIEN'!o651 | AG22: ="="&("'NHAN VIEN'!"&$AG$5&U21+38) -> ='NHAN VIEN'!p651 | AH22: ="="&("'NHAN VIEN'!"&$AH$5&U21+38) -> ='NHAN VIEN'!q651
C23: =C22+1 -> 72 | D23: ='KHACH HANG'!C689 -> NGHĨA THẮM | E23: =R23 -> 168 | F23: ='KHACH HANG'!G689 -> 0 | G23: ='KHACH HANG'!H689 -> 0 | H23: ='KHACH HANG'!I689 -> 0 | I23: ='KHACH HANG'!J689 -> 0 | J23: ='KHACH HANG'!K689 -> 0 | K23: ='KHACH HANG'!L689 -> 0 | L23: ='KHACH HANG'!M689 -> 0 | M23: ='KHACH HANG'!N689 -> 84 | ... Q23: ='KHACH HANG'!R689 -> 84 | R23: =SUM(F23:Q23) -> 168 | T23: ="'NHAN VIEN'!C"&U22+38 -> 'NHAN VIEN'!C689 | U23: =U22+38 -> 689 | V23: ="="&T23 -> ='NHAN VIEN'!C689 | W23: ="="&("'NHAN VIEN'!"&$W$5&U22+38) -> ='NHAN VIEN'!f689 | X23: ="="&("'NHAN VIEN'!"&$X$5&U22+38) -> ='NHAN VIEN'!g689 | Y23: ="="&("'NHAN VIEN'!"&$Y$5&U22+38) -> ='NHAN VIEN'!h689 | Z23: ="="&("'NHAN VIEN'!"&$Z$5&U22+38) -> ='NHAN VIEN'!i689 | AA23: ="="&("'NHAN VIEN'!"&$AA$5&U22+38) -> ='NHAN VIEN'!j689 | AB23: ="="&("'NHAN VIEN'!"&$AB$5&U22+38) -> ='NHAN VIEN'!k689 | AC23: ="="&("'NHAN VIEN'!"&$AC$5&U22+38) -> ='NHAN VIEN'!l689 | AD23: ="="&("'NHAN VIEN'!"&$AD$5&U22+38) -> ='NHAN VIEN'!m689 | AE23: ="="&("'NHAN VIEN'!"&$AE$5&U22+38) -> ='NHAN VIEN'!n689 | AF23: ="="&("'NHAN VIEN'!"&$AF$5&U22+38) -> ='NHAN VIEN'!o689 | AG23: ="="&("'NHAN VIEN'!"&$AG$5&U22+38) -> ='NHAN VIEN'!p689 | AH23: ="="&("'NHAN VIEN'!"&$AH$5&U22+38) -> ='NHAN VIEN'!q689
C24: =C23+1 -> 73 | D24: ='KHACH HANG'!C727 -> THANH TUẤN | E24: =R24 -> 5 | F24: ='KHACH HANG'!G727 -> 0 | G24: ='KHACH HANG'!H727 -> 0 | H24: ='KHACH HANG'!I727 -> 0 | I24: ='KHACH HANG'!J727 -> 0 | J24: ='KHACH HANG'!K727 -> 0 | K24: ='KHACH HANG'!L727 -> 0 | L24: ='KHACH HANG'!M727 -> 0 | M24: ='KHACH HANG'!N727 -> 0 | ... Q24: ='KHACH HANG'!R727 -> 0 | R24: =SUM(F24:Q24) -> 5 | T24: ="'NHAN VIEN'!C"&U23+38 -> 'NHAN VIEN'!C727 | U24: =U23+38 -> 727 | V24: ="="&T24 -> ='NHAN VIEN'!C727 | W24: ="="&("'NHAN VIEN'!"&$W$5&U23+38) -> ='NHAN VIEN'!f727 | X24: ="="&("'NHAN VIEN'!"&$X$5&U23+38) -> ='NHAN VIEN'!g727 | Y24: ="="&("'NHAN VIEN'!"&$Y$5&U23+38) -> ='NHAN VIEN'!h727 | Z24: ="="&("'NHAN VIEN'!"&$Z$5&U23+38) -> ='NHAN VIEN'!i727 | AA24: ="="&("'NHAN VIEN'!"&$AA$5&U23+38) -> ='NHAN VIEN'!j727 | AB24: ="="&("'NHAN VIEN'!"&$AB$5&U23+38) -> ='NHAN VIEN'!k727 | AC24: ="="&("'NHAN VIEN'!"&$AC$5&U23+38) -> ='NHAN VIEN'!l727 | AD24: ="="&("'NHAN VIEN'!"&$AD$5&U23+38) -> ='NHAN VIEN'!m727 | AE24: ="="&("'NHAN VIEN'!"&$AE$5&U23+38) -> ='NHAN VIEN'!n727 | AF24: ="="&("'NHAN VIEN'!"&$AF$5&U23+38) -> ='NHAN VIEN'!o727 | AG24: ="="&("'NHAN VIEN'!"&$AG$5&U23+38) -> ='NHAN VIEN'!p727 | AH24: ="="&("'NHAN VIEN'!"&$AH$5&U23+38) -> ='NHAN VIEN'!q727
